Cutting_Speed_m_per_min,Feed_Rate_mm_per_rev,Depth_of_Cut_mm,Spindle_Load_%,Material type,Operation time,Coolant_Flow_LPM,Ambient_Temp_C,Tool_Wear_mm,machine type,energyusage
218.5430535,0.225876282,1.38235785,43.7086107,Copper,35.27163474,33.3734514,21.11582313,0.01,E,1.527
477.8214379,0.5648059,1.310196115,95.56428758,Aluminium,40.85066287,31.09197979,21.47746324,0.01,A,1.243
379.3972738,0.879298544,4.540647445,75.87945476,Copper,16.27105545,21.6540176,24.28123368,0.01,E,1.577
319.3963179,0.745613642,1.322776379,63.87926358,Titanium,33.11933448,5.825227505,21.95707752,0.015433204,D,1.461
120.2083882,0.81623309,1.432553658,24.04167764,Copper,30.72856924,10.74304338,20.27849778,0.014561976,E,1.678
120.1975342,0.675844198,3.821051486,24.03950683,Brass,42.47736696,38.94040955,28.0501488,0.01,B,0.908
76.13762548,0.707662736,2.303725228,15.2275251,Steel,45.77391772,26.2193057,20.19522571,0.01,C,1.684
439.7792656,0.856735869,3.905881729,87.95585312,Steel,5.547054716,11.74271604,28.30689605,0.012317492,C,0.978
320.5017553,0.287184608,0.420294172,64.10035106,Copper,35.33089636,16.87823844,21.44103963,0.013454944,E,1.388
368.63266,0.514953715,2.489098849,73.726532,Titanium,7.33261096,47.65266049,29.74678411,0.01,D,1.668
59.26302243,0.26014897,0.264706641,11.85260449,Aluminium,29.69863993,21.52097759,26.03873912,0.01528519,A,1.843
486.4594335,0.988284608,0.407000697,97.29188669,Copper,17.94347281,45.84568753,27.34982972,0.013016782,E,0.945
424.5991884,0.946856373,4.541543521,84.91983767,Aluminium,18.80494698,18.70861245,21.10483628,0.01,A,1.047
145.5525998,0.087455471,0.782302318,29.11051996,Titanium,20.88313266,29.44490425,28.62104073,0.010915422,D,1.244
131.8212352,0.720296414,2.708861343,26.36424705,Copper,32.95816021,5.921468751,28.39192343,0.011062935,E,1.24
132.5320294,0.928985902,2.114368453,26.50640589,Titanium,20.03224846,28.48437997,26.52992732,0.017745723,D,1.149
186.9090093,0.221546578,1.801982299,37.38180187,Copper,37.97145728,33.66239048,25.02274865,0.018124941,E,1.901
286.1403942,0.589547969,4.509183394,57.22807885,Steel,23.20373235,15.54372947,27.21489173,0.01,C,1.062
244.3752584,0.919713883,0.206934644,48.87505168,Brass,8.075894014,31.05217293,20.05928215,0.017417584,B,1.596
181.0531131,0.08224868,3.352569462,36.21062262,Titanium,40.26919291,34.12254974,25.92440755,0.015145696,D,1.25
325.3338026,0.712549254,4.820632728,65.06676053,Brass,17.85912461,35.90987353,28.47406135,0.016437928,B,1.351
112.7722373,0.332481557,2.844824099,22.55444746,Brass,24.47450958,39.93814949,23.56899887,0.013026961,B,1.726
181.4650918,0.928176386,4.690430064,36.29301837,Copper,35.84497474,19.01026593,21.08289356,0.016077237,E,1.168
214.8628295,0.972505333,0.356063609,42.9725659,Steel,19.96052707,30.54996304,24.2087725,0.022428311,C,1.004
255.2314929,0.947053165,2.152087263,51.04629858,Brass,7.546354527,49.17105634,27.27104449,0.017527896,B,1.202
403.3291826,0.500503506,1.374773176,80.66583653,Steel,21.82644712,45.41648768,21.0730121,0.017045124,C,1.106
139.853202,0.868940518,3.681022728,27.97064039,Aluminium,47.50018622,47.86994426,22.0604856,0.015151531,A,1.682
281.4054973,0.852321929,4.908355743,56.28109946,Copper,33.87804788,22.37613793,21.47551847,0.023099118,E,1.386
316.586556,0.35314545,1.356997306,63.3173112,Copper,35.21656169,40.41176477,27.96947756,0.011724189,E,1.76
70.90268572,0.8374697,3.305455547,14.18053714,Titanium,33.45269691,32.89540783,20.62892622,0.01440857,D,1.164
323.3951834,0.085157253,1.070678401,64.67903667,Brass,13.95464625,8.723078738,26.86586502,0.012017652,B,1.086
126.7358557,0.616456385,2.870118247,25.34717113,Steel,23.82502388,42.07911751,23.66456921,0.020002425,C,1.398
79.27321684,0.268508395,2.373269185,15.85464337,Brass,38.79229093,35.46955744,27.55791243,0.025188027,B,0.967
476.9984918,0.164538541,4.862826115,95.39969835,Aluminium,9.56178039,13.95128118,29.64383419,0.017935602,A,1.325
484.5344149,0.123105542,3.081783636,96.90688298,Copper,17.50337492,8.588235084,21.145453,0.014522842,E,1.841
413.7788067,0.711474337,1.812581223,82.75576133,Steel,17.43435988,42.66599588,23.14385041,0.028342393,C,1.508
187.0761961,0.372881216,0.659069346,37.41523923,Titanium,24.44085174,8.550582327,28.10125428,0.022706866,D,1.755
93.9524513,0.738528433,0.841109461,18.79049026,Steel,49.11659334,9.110923941,22.66158386,0.022128361,C,1.235
357.9048619,0.112088524,1.204052957,71.58097239,Aluminium,8.037614601,24.23337296,22.15120597,0.020080078,A,1.223
248.0686222,0.349525821,1.329736641,49.61372444,Steel,28.34154475,11.06590228,28.25377978,0.024666392,C,0.927
104.9172057,0.562516728,4.268018683,20.98344114,Steel,13.07141069,46.11513188,29.87082364,0.022920889,C,1.58
272.8296096,0.801187007,2.849991663,54.56592191,Aluminium,48.68044454,26.16277713,25.5688059,0.01949556,A,1.81
65.4748345,0.352814878,2.664615466,13.0949669,Brass,10.09865771,30.61179413,22.78048748,0.020623179,B,1.46
459.1941809,0.644596808,0.662367472,91.83883619,Brass,23.16204511,46.76477403,23.98565962,0.017383048,B,1.126
166.4509917,0.891678861,4.314684497,33.29019834,Steel,38.20482432,28.86184515,21.70130327,0.017049947,C,1.115
348.135028,0.635070029,3.641790086,69.62700559,Aluminium,36.70494926,20.91160157,27.61887279,0.021579802,A,1.343
190.2699842,0.271311501,0.431574973,38.05399685,Titanium,24.02278866,40.87197976,27.73474018,0.029124428,D,1.414
284.0306095,0.073180742,3.568391976,56.80612191,Aluminium,20.59358756,24.92825889,28.75120992,0.018472828,A,1.489
296.0196257,0.87659393,2.763337265,59.20392514,Copper,22.89255703,19.33112415,20.26602564,0.028115784,E,1.35
133.184505,0.07020594,0.500454194,26.636901,Steel,16.89243184,37.54532564,25.61981342,0.02022955,C,1.167
486.3130825,0.880966589,2.345673143,97.2626165,Steel,14.23998224,41.07225545,22.14255434,0.015581499,C,1.431
398.8097705,0.552490277,2.475011807,79.7619541,Steel,26.73678639,40.62722754,23.40883015,0.027537804,C,1.461
472.7745237,0.942114314,0.912295247,94.55490474,Steel,17.08401902,48.99534864,27.84955615,0.033238936,C,1.558
452.6723077,0.808844074,4.73392092,90.53446154,Brass,17.93577492,40.4000127,21.92033652,0.02110671,B,1.467
319.0549905,0.998037405,4.26487932,63.81099809,Brass,34.55402286,39.64700462,26.38341751,0.017826321,B,1.271
464.8434058,0.383176225,3.378209453,92.96868115,Titanium,48.58417993,43.58683642,26.54566191,0.02824054,D,1.353
89.82162592,0.778828874,2.365248249,17.96432518,Steel,32.16367403,5.008333788,29.54093915,0.021640385,C,1.191
138.1922881,0.431834368,2.117651154,27.63845762,Brass,8.464076018,21.3094135,27.75160929,0.029229779,B,1.438
70.35228001,0.505881839,3.289769989,14.070456,Copper,8.401262623,38.19213932,28.03635147,0.032594235,E,1.549
196.3986488,0.64613019,2.77261616,39.27972977,Aluminium,47.81404494,31.9873555,25.31600749,0.028780215,A,1.283
224.9047804,0.879993258,0.405138219,44.98095607,Copper,18.37808556,12.99074012,21.86780807,0.031466259,E,1.485
172.1070643,0.984879296,2.611262979,34.42141286,Aluminium,9.143014374,18.66798901,24.25563366,0.031790768,A,1.412
422.9318791,0.779859743,4.051377724,84.58637582,Aluminium,31.95700642,20.1556675,25.49489574,0.032947732,A,1.169
210.538997,0.446878443,2.3502754,42.1077994,Brass,33.06419502,30.552265,26.78419252,0.028514342,B,0.897
176.4205294,0.450289152,0.35458723,35.28410587,Copper,34.18271691,42.42192334,26.07709112,0.032473961,E,1.302
294.2132374,0.750703187,3.952763177,58.84264748,Aluminium,17.03309125,46.96213009,23.93977829,0.029690878,A,1.487
113.4159012,0.276838288,1.086682532,22.68318025,Steel,5.67998079,38.75415858,22.65313107,0.03111576,C,1.124
410.9886413,0.154950407,1.367242091,82.19772827,Aluminium,48.42569163,42.93276756,21.68230843,0.044708006,A,1.568
83.54778966,0.38689105,0.907061132,16.70955793,Steel,16.29018706,26.15431813,26.93845386,0.030947742,C,1.406
494.0991215,0.322877042,1.718053818,98.81982429,Brass,35.42118296,22.53988938,26.45398674,0.02254123,B,1.878
397.5101462,0.331492714,3.808082378,79.50202924,Steel,36.79834414,22.67188395,26.87372466,0.029333224,C,1.241
139.4220567,0.271927363,2.644990712,27.88441134,Copper,32.45033377,32.72173378,23.72527453,0.029057982,E,1.691
52.48495271,0.08998853,1.103918243,10.49699054,Titanium,19.08083274,10.59065175,22.62407823,0.029576933,D,1.393
416.9576428,0.066980238,4.401367383,83.39152856,Titanium,17.19933142,31.07723823,27.59721329,0.035958403,D,1.404
368.0858047,0.98833627,4.409951089,73.61716095,Copper,31.89507272,34.93097871,27.73647395,0.037134438,E,1.491
378.0532256,0.456384477,4.365834283,75.61064512,Steel,43.97430351,24.75089331,24.55616374,0.031243596,C,1.393
397.071656,0.415110315,1.270101436,79.4143312,Steel,47.6030178,47.89252295,26.11904085,0.02510269,C,1.301
83.32009328,0.695664919,2.311072786,16.66401866,Titanium,9.765761198,32.36959726,23.73519664,0.03284783,D,1.733
211.3095778,0.257341193,4.926449315,42.26191557,Steel,11.96728757,14.89997625,27.019472,0.029925699,C,1.18
102.1410768,0.952463125,3.882861134,20.42821536,Brass,47.51313165,26.56473158,28.35721597,0.033984957,B,1.191
438.3965416,0.797027764,0.233120364,87.67930833,Steel,38.14408528,35.39319967,26.88233277,0.032618414,C,1.078
330.4841571,0.134940452,0.419502497,66.09683141,Copper,44.73472212,19.56331061,25.12582627,0.039595302,E,1.383
198.9041112,0.446701737,2.373263746,39.78082224,Aluminium,14.11846854,8.583872283,24.58657959,0.035177844,A,1.243
78.60125763,0.885162392,4.555179009,15.72025153,Copper,31.4413642,31.25460356,26.42319651,0.031393136,E,1.035
189.9420448,0.947495421,2.73963881,37.98840895,Brass,36.55128175,47.65415759,26.79810892,0.027456723,B,1.402
196.3324949,0.494031436,2.539281289,39.26649898,Titanium,35.60503485,26.82823935,25.58729444,0.034434604,D,1.722
378.3227803,0.63274082,0.61682113,75.66455605,Brass,23.36682609,45.77490863,26.24942275,0.034742778,B,1.501
336.9008621,0.208682249,3.318222513,67.38017242,Steel,5.692770126,42.57606148,20.96588682,0.033942952,C,1.431
449.2457342,0.991610195,4.128305487,89.84914683,Aluminium,31.23167256,11.63357526,29.51765516,0.039422164,A,1.218
262.4967163,0.270088116,1.964058037,52.49934326,Copper,16.38956926,36.86764648,27.90773064,0.028921943,E,1.589
103.8174107,0.945595185,3.90049807,20.76348213,Aluminium,25.26144108,24.59594863,23.7392787,0.032313406,A,1.56
370.9601543,0.667164317,4.825935604,74.19203085,Aluminium,48.09114568,16.26108464,25.62812611,0.036681004,A,0.982
392.3532719,0.627349955,1.09845565,78.47065438,Steel,22.95658929,35.91222601,20.4732453,0.033909166,C,2.057
302.5747389,0.537054085,2.664315193,60.51494778,Titanium,42.7910723,38.41973234,20.41227814,0.035213451,D,1.552
396.935231,0.269136321,1.506975995,79.3870462,Titanium,13.48432726,13.09533434,22.50798335,0.03698603,D,0.911
272.2080184,0.21770163,3.984986653,54.44160367,Aluminium,35.26072241,46.15001069,26.89701642,0.041007402,A,1.449
285.2297732,0.259461899,2.930207493,57.04595464,Brass,48.96531295,38.80162598,28.52147748,0.037365,B,1.003
242.3934583,0.227116349,3.209453846,48.47869165,Steel,9.585189539,47.00189746,25.5918588,0.028309736,C,1.861
61.43860703,0.79060525,4.009779382,12.28772141,Titanium,5.3743974,19.26829484,25.3213274,0.035434463,D,1.654
98.55114215,0.382618996,2.040255316,19.71022843,Titanium,24.51122567,47.27007571,24.02309534,0.04121766,D,1.243
64.14313356,0.104950543,4.583941335,12.82862671,Titanium,9.168146737,21.5832946,21.61597956,0.042842397,D,1.505
336.3846851,0.970647499,2.71184145,67.27693701,Steel,38.67729574,7.428639264,21.18354101,0.043408609,C,1.72
191.4601915,0.889596591,0.873978632,38.2920383,Brass,46.15468987,39.33362249,27.60679761,0.045115498,B,1.806
278.856811,0.931364669,3.509905679,55.7713622,Steel,24.53094377,36.65786648,29.27503551,0.040492086,C,1.182
458.4049133,0.995162432,3.986980617,91.68098265,Brass,16.6420239,31.90599465,24.58283216,0.041506015,B,1.293
162.1815031,0.215200487,1.652132218,32.43630062,Aluminium,24.54814936,27.0452185,26.59445659,0.035410938,A,1.82
234.6723154,0.426429918,4.300178359,46.93446307,Aluminium,37.5551518,6.447437165,29.14457651,0.029897894,A,0.895
389.9980123,0.770326552,4.540101948,77.99960247,Copper,5.407437271,33.10687632,20.90113633,0.033973148,E,1.612
152.9591745,0.711219587,1.456831988,30.59183489,Brass,31.52542953,23.75755769,27.70481453,0.037842164,B,1.029
84.64095942,0.196201111,4.919255216,16.92819188,Aluminium,32.59812582,30.20942312,26.16816884,0.034843119,A,1.278
180.3881538,0.825041469,0.789486487,36.07763076,Steel,33.69597111,24.31946039,25.98637179,0.040467297,C,1.326
122.5495793,0.263218543,1.089876775,24.50991585,Steel,15.8909936,48.47252597,22.92540428,0.039911781,C,1.679
468.3639436,0.262626734,1.002701712,93.67278871,Brass,37.13237255,32.18490055,26.83893355,0.047201648,B,1.139
413.6541708,0.560125702,4.480549579,82.73083416,Brass,9.112616885,38.71563488,27.94797755,0.03795712,B,1.217
335.0316904,0.613292938,3.306033506,67.00633809,Titanium,13.96716514,47.13561264,21.12858165,0.043796003,D,1.656
442.1572656,0.601081897,0.845310988,88.43145312,Copper,44.4861521,31.62196953,25.33521431,0.041284545,E,1.266
411.6524346,0.136912496,2.25758475,82.33048692,Steel,38.24254178,5.542813302,21.01265181,0.038640781,C,1.142
133.9565265,0.883587819,3.114960323,26.7913053,Copper,5.618549931,6.543125524,28.72574019,0.040325407,E,1.564
451.6515493,0.30232004,0.508974016,90.33030986,Titanium,16.17693172,36.60522953,25.07636723,0.033997956,D,1.4
292.7040089,0.173039175,4.423840205,58.54080177,Brass,14.64829173,17.55883113,28.07965689,0.048286279,B,1.556
413.3480698,0.894310676,4.037657324,82.66961396,Brass,17.18628476,31.07208773,23.68085638,0.051846141,B,1.499
453.241085,0.957868923,2.575513191,90.64821699,Steel,16.14018966,14.10247315,21.25078227,0.043787795,C,1.782
193.1015637,0.869021236,4.838920415,38.62031275,Titanium,7.813683308,17.16119938,20.41499304,0.045560726,D,1.525
99.52336604,0.819040271,2.147028798,19.90467321,Brass,25.65232325,27.70884752,22.81509621,0.044226417,B,1.934
152.5708231,0.672479882,4.922140563,30.51416463,Aluminium,37.97300637,48.90062585,22.442337,0.04189554,A,1.202
242.1985049,0.573314502,3.372807994,48.43970098,Titanium,32.30292761,32.73217201,25.60351974,0.049810801,D,1.151
418.1066447,0.132637422,3.209889239,83.62132893,Steel,35.27922509,47.1266647,20.21738838,0.048171918,C,0.945
437.3287625,0.438030552,0.913178987,87.46575249,Brass,8.651713034,48.17209345,25.20570544,0.032306195,B,1.182
53.12845874,0.404054091,4.421446016,10.62569175,Aluminium,47.81708196,14.36494984,23.91771742,0.041984103,A,1.234
279.8362862,0.296766095,2.194699471,55.96725723,Brass,42.73213252,19.00371211,25.7712227,0.037182141,B,1.177
237.8349514,0.737249108,0.894943688,47.56699028,Brass,41.22906433,39.64965265,27.02417528,0.055514809,B,1.433
149.9485147,0.521081948,0.161776848,29.98970294,Aluminium,42.03427123,44.0043801,26.34091945,0.047168884,A,1.734
103.9394153,0.126993905,2.84280285,20.78788306,Titanium,46.97197287,28.36520349,29.84644369,0.049521826,D,1.082
201.9268271,0.259174042,2.684258148,40.38536543,Copper,29.49142848,49.69517303,21.38265344,0.046842133,E,1.598
474.3093668,0.699095825,3.62483275,94.86187335,Steel,14.0126908,5.520748944,24.29737009,0.054412383,C,1.677
195.4413194,0.122324317,4.46226446,39.08826388,Brass,32.75526235,18.4816695,24.24830737,0.053492715,B,1.538
283.4557798,0.858646568,0.489092265,56.69115596,Copper,38.42966722,33.04227892,24.17053204,0.048402084,E,1.39
366.3585315,0.520389201,3.684332803,73.2717063,Titanium,38.2062827,26.11804599,26.63798392,0.058359735,D,1.232
213.6333211,0.506557248,1.018318526,42.72666421,Copper,28.46520609,10.24713349,24.89828061,0.050986651,E,1.408
487.3019372,0.612787395,4.30506756,97.46038744,Copper,8.08064237,21.55041885,25.1743256,0.043049725,E,1.335
483.1012827,0.833446918,4.113411218,96.62025654,Steel,21.70008223,6.145121448,24.32355992,0.051140734,C,1.24
163.3020331,0.380418748,2.749889399,32.66040662,Brass,46.43449738,33.92357207,29.91699461,0.053518134,B,0.973
273.7618277,0.694115345,3.580189713,54.75236553,Brass,31.30020094,45.17341443,29.27561349,0.050555097,B,1.204
185.3952394,0.587445366,1.640315555,37.07904788,Titanium,29.22493745,44.81933557,23.07724189,0.049454096,D,1.574
178.1782225,0.303676857,2.408722705,35.63564449,Titanium,17.09840815,36.47950132,21.11593925,0.060623608,D,1.007
66.59912631,0.884698487,4.126020799,13.31982526,Aluminium,21.5802014,25.9596588,28.39764724,0.04616278,A,0.995
324.3039503,0.807554721,2.350399466,64.86079006,Steel,45.29057401,28.04142284,29.97170251,0.038563813,C,1.453
276.2055605,0.675529243,1.8532115,55.24111209,Aluminium,34.99083714,11.16134708,22.92608894,0.060767943,A,1.285
73.16543806,0.858052643,2.521640992,14.63308761,Brass,40.4324162,20.34576919,23.57784926,0.046832726,B,1.426
175.3909089,0.873929491,4.158421337,35.07818178,Titanium,25.44554404,13.4477634,29.41633181,0.051820163,D,1.544
458.7196487,0.722944828,1.742519432,91.74392974,Copper,33.36112488,41.95400915,27.11129518,0.051656383,E,1.237
157.8028508,0.845162662,0.951431806,31.56057016,Copper,16.17726239,46.16392556,22.95638332,0.059992576,E,1.389
115.2026924,0.712597889,3.5888687,23.04053849,Aluminium,36.74573736,29.16154676,25.81046491,0.061298406,A,1.506
270.2537421,0.696133733,4.147293242,54.05074842,Brass,24.24206002,37.74938182,29.44229579,0.047952537,B,1.763
493.5427043,0.637680809,0.593123645,98.70854087,Aluminium,24.91454817,10.46591469,28.11813107,0.061489253,A,1.664
158.9248722,0.765080808,1.275383153,31.78497444,Aluminium,34.21950461,32.38405895,27.41832714,0.061687047,A,1.393
352.4609963,0.20067485,0.79566275,70.49219927,Steel,47.13262797,36.62559596,27.36996312,0.05538206,C,1.688
392.7288269,0.886827221,1.804912917,78.54576538,Steel,7.880285597,25.37456583,21.78020324,0.060238288,C,1.054
156.9368948,0.878251351,2.306719797,31.38737896,Titanium,42.11344568,15.9472888,28.24681239,0.061030016,D,1.61
377.6973569,0.077784919,3.769249051,75.53947138,Brass,18.15723997,44.48185342,22.76118632,0.054894017,B,1.475
215.5024097,0.834525913,3.290623166,43.10048194,Brass,24.97637545,38.4308924,29.30366658,0.055658614,B,1.346
334.5376238,0.172426374,3.142549981,66.90752475,Steel,5.986099795,45.49357768,23.64639991,0.059683377,C,1.561
335.0883698,0.368362912,1.826637238,67.01767397,Brass,18.5470735,41.82811914,28.57660397,0.048884402,B,1.443
291.0986078,0.756332843,4.22309301,58.21972157,Copper,27.61840592,49.56684933,22.66233495,0.055548284,E,1.68
90.63039652,0.202721901,2.40930712,18.1260793,Titanium,7.527923481,13.64777299,25.14526937,0.051605814,D,1.64
425.886123,0.827068673,4.897614196,85.1772246,Aluminium,27.09930782,8.903649551,21.06885295,0.065015789,A,0.892
194.3510292,0.840527469,3.207296478,38.87020585,Titanium,46.7199783,20.16512561,26.60118903,0.056360275,D,1.33
133.9333297,0.532094347,0.718697234,26.78666594,Aluminium,9.742694815,10.80518788,28.36079275,0.059860347,A,1.918
68.3488137,0.056066578,3.413270054,13.66976274,Titanium,39.39983276,28.54085508,27.18447281,0.057676709,D,1.529
315.9018244,0.322686227,1.693009676,63.18036489,Titanium,23.4351974,33.48630074,25.23258513,0.057641639,D,1.365
354.9039628,0.636080572,3.463003264,70.98079257,Aluminium,34.48281715,31.02298768,20.45115879,0.060404181,A,0.957
57.46452302,0.982126869,0.441241626,11.4929046,Aluminium,16.71064691,16.66580609,29.33441007,0.055986421,A,1.068
280.4418762,0.650222851,0.956919042,56.08837525,Steel,12.17715181,45.89708139,27.05489549,0.058937518,C,1.714
151.9230988,0.296813402,4.293112569,30.38461977,Titanium,12.22081764,5.952756368,27.45864238,0.059191005,D,1.437
340.3277557,0.652305418,1.213179829,68.06555114,Titanium,8.172137554,20.66060092,27.94680576,0.058394434,D,1.788
128.4648931,0.562986111,4.201501514,25.69297861,Steel,13.35410172,37.35466139,27.47743426,0.062756085,C,1.067
360.9219821,0.790853125,1.468452833,72.18439643,Brass,34.88987232,39.51180169,24.41116164,0.058856111,B,1.394
224.0309058,0.151631607,3.250121359,44.80618117,Aluminium,44.67607753,23.7253345,27.33621829,0.069436956,A,1.876
471.5284949,0.772976507,3.50133781,94.30569899,Copper,41.63565585,5.760941597,26.25026788,0.064816492,E,1.183
111.8844249,0.56420325,2.61200829,22.37688497,Aluminium,35.83104394,32.81196556,28.54016334,0.055215412,A,1.662
203.479858,0.964842404,1.596022316,40.69597159,Steel,9.969433853,7.839260653,28.02459815,0.065006642,C,1.651
101.0630846,0.374778558,1.141957444,20.21261691,Aluminium,18.01343508,9.853509927,20.41374382,0.059095144,A,1.35
466.1121282,0.650990798,0.262627837,93.22242565,Copper,18.94130939,34.26128238,23.7888709,0.063511284,E,1.796
444.802709,0.9354267,1.589337366,88.9605418,Aluminium,16.24806259,19.06197468,20.34716152,0.059467146,A,1.148
166.0737325,0.147384242,3.300497674,33.21474649,Aluminium,28.17525469,20.66135687,21.02074925,0.052441394,A,1.726
346.9928207,0.940367063,4.69769361,69.39856414,Copper,29.09992167,26.90631846,26.01410722,0.063595036,E,1.229
417.7499901,0.703491436,4.368901963,83.54999802,Brass,21.05986888,49.03602777,28.73821821,0.056821915,B,1.317
299.8403652,0.114445206,3.853717405,59.96807304,Brass,20.92051214,48.44489993,21.19824759,0.066382861,B,1.764
288.3427603,0.335915389,3.963391982,57.66855205,Copper,42.28500191,23.73174497,24.51089287,0.065448499,E,1.384
158.8335309,0.722763484,3.358426027,31.76670618,Steel,40.51817817,16.94746477,29.10878905,0.061845442,C,1.642
91.89624551,0.113983071,1.375405602,18.3792491,Titanium,18.85081243,18.61664687,28.14300984,0.07428284,D,1.401
453.7470911,0.603061937,4.54525565,90.74941822,Copper,46.12047997,17.09515842,25.19667896,0.059249008,E,1.411
455.1881257,0.378588904,3.386588328,91.03762514,Titanium,47.87667577,28.95106132,27.71571439,0.062614047,D,1.419
334.8956558,0.639869742,2.846159092,66.97913115,Copper,19.70341439,32.30869135,25.22693774,0.060422568,E,1.095
202.563406,0.093454932,0.643848399,40.51268119,Copper,20.9491227,26.99507247,21.58092337,0.076522896,E,1.239
207.1443086,0.877959966,2.290572165,41.42886172,Brass,27.7535369,23.3597463,21.24736113,0.073367827,B,0.967
376.6800555,0.974814521,2.355755529,75.3360111,Copper,47.35043656,14.50782669,21.88368232,0.059786288,E,1.093
453.699617,0.970433963,4.336361687,90.7399234,Brass,44.43437449,26.71275161,23.50922095,0.063059282,B,1.294
449.1888909,0.76216924,2.778576279,89.83777818,Titanium,9.615558316,20.34962212,29.30529268,0.063519184,D,1.158
400.9439956,0.173581928,1.96396269,80.18879913,Aluminium,22.67288345,29.37179583,27.99678414,0.065014133,A,1.398
338.9142408,0.770350036,4.88632161,67.78284815,Titanium,29.90170354,35.3835237,24.32801561,0.062844155,D,1.674
87.86298425,0.073357571,0.642530907,17.57259685,Titanium,27.64096126,33.49904785,24.9307671,0.065319593,D,1.172
122.7329213,0.071017374,2.170487299,24.54658427,Aluminium,13.72383806,25.81205947,22.65609458,0.073663,A,1.197
454.3493848,0.357429708,0.305920908,90.86987697,Aluminium,43.6467547,30.02235909,27.04352956,0.078663491,A,1.697
322.8930768,0.514211031,3.725530192,64.57861537,Copper,35.46233523,17.81852589,28.02765671,0.061497228,E,1.157
54.13867323,0.781887047,4.598575106,10.82773465,Steel,42.70587687,6.090811656,22.38904696,0.064303974,C,1.231
95.66219429,0.699130608,1.472182915,19.13243886,Brass,43.64439257,33.12587544,20.41821624,0.070867597,B,1.546
348.5757961,0.473607571,4.305874216,69.71515922,Titanium,38.67601341,16.36558516,26.23888943,0.062188562,D,1.675
52.27771273,0.309945333,1.531869329,10.45554255,Brass,24.76447706,35.10291695,25.62512119,0.07157754,B,1.147
122.3636231,0.997268275,4.562773792,24.47272463,Aluminium,32.47460398,38.61538248,24.02131155,0.073371185,A,1.442
296.9302052,0.454872237,3.794413328,59.38604104,Titanium,12.21644328,46.21674857,26.43893942,0.074464224,D,1.013
361.352839,0.478817673,4.044043207,72.27056779,Copper,35.31404379,48.1155258,25.50613298,0.073811974,E,1.487
343.3825668,0.20544263,0.188232122,68.67651336,Titanium,13.06639651,5.473672084,22.50581577,0.068865299,D,1.369
150.9211893,0.805069071,4.81777075,30.18423785,Aluminium,36.22773157,49.56683942,23.97728976,0.070923484,A,1.475
370.4806496,0.708998114,3.660687861,74.09612992,Steel,15.33191723,35.73582433,24.2811357,0.066224484,C,1.801
156.7620894,0.259731132,1.593280367,31.35241787,Steel,10.28980851,33.95858722,28.80247994,0.074734106,C,1.145
196.4298642,0.128261993,4.164033858,39.28597283,Aluminium,12.43780206,5.684589284,29.60904154,0.080719504,A,1.251
385.9211323,0.696474337,1.479453872,77.18422646,Copper,5.089646085,43.75550353,28.93001362,0.075303997,E,1.311
342.3348046,0.671785654,4.376493814,68.46696091,Brass,37.3432828,11.54711513,27.19178024,0.06980828,B,1.353
432.1505347,0.309596551,0.651643913,86.43010694,Copper,37.95804721,42.67985693,25.84992734,0.078547533,E,1.348
345.9258015,0.953320384,3.54806129,69.18516031,Aluminium,28.17200075,5.700314582,26.89261635,0.085692097,A,1.091
305.7388715,0.193504997,2.749422536,61.1477743,Copper,12.26132605,34.06839181,29.39109221,0.075369903,E,1.322
92.15364552,0.460718061,0.573018904,18.4307291,Aluminium,8.759945188,24.56606902,22.49998735,0.077216809,A,1.491
215.4721114,0.946435124,1.285279758,43.09442228,Aluminium,5.86080349,14.03450281,25.35120508,0.07812324,A,1.395
169.3410655,0.448740951,0.160779778,33.86821309,Brass,12.45866796,9.84026263,26.89608019,0.067002739,B,1.794
159.7953395,0.65659965,2.396963031,31.9590679,Brass,45.08849907,24.80574634,26.79247001,0.073259704,B,1.836
487.8547496,0.427714678,1.576199778,97.57094993,Aluminium,15.86915788,10.54876124,22.5227896,0.073036273,A,1.004
226.8939761,0.310504442,3.031951673,45.37879522,Steel,20.94220972,26.89009753,25.86731527,0.080070229,C,1.359
451.4209498,0.984778766,1.556465258,90.28418997,Aluminium,9.740546802,33.13476764,27.95913142,0.079778033,A,1.606
334.0123817,0.438867306,1.569603646,66.80247634,Steel,15.00625871,42.23228871,24.7507898,0.075872793,C,1.512
407.6650866,0.899394243,3.741646674,81.53301732,Aluminium,28.36510569,35.53922467,27.93298077,0.073897376,A,1.85
276.1866919,0.268456876,0.335899896,55.23733838,Brass,32.34887074,7.933989502,23.59882598,0.068624077,B,0.985
309.6067481,0.252449469,4.524185476,61.92134962,Brass,16.04085414,18.83446396,29.38760127,0.077270285,B,1.958
271.6329622,0.079577379,4.276092985,54.32659244,Steel,7.597947165,17.95903736,25.3392844,0.072864797,C,1.219
137.8593445,0.669083484,3.372242948,27.5718689,Titanium,22.59647911,46.17645906,25.95947951,0.072535421,D,1.341
375.1034519,0.400100027,3.006785694,75.02069037,Copper,15.53915169,44.050192,20.31361569,0.082849562,E,1.688
176.3475631,0.871140337,4.472282241,35.26951262,Copper,14.87992655,21.65665633,21.70269137,0.082618107,E,0.911
60.94218489,0.499549411,1.00811788,12.18843698,Copper,48.19382612,8.201986515,26.3293388,0.076355828,E,1.08
340.4625332,0.969783757,0.486948895,68.09250663,Copper,32.73352187,45.2348293,24.19870372,0.071243868,E,1.287
129.6998057,0.22624924,1.273599833,25.93996115,Copper,30.05952994,44.96854788,25.0816379,0.075250321,E,1.622
473.206363,0.87519201,3.993433566,94.64127259,Steel,23.70987966,43.46357594,20.62971409,0.084635939,C,1.546
479.2678597,0.78776701,0.269884307,95.85357193,Brass,24.302495,43.0286737,28.34135238,0.082298553,B,1.442
461.6889756,0.782375752,2.955753492,92.33779512,Aluminium,29.34072517,26.61143005,27.84505602,0.077891226,A,1.374
216.5714151,0.852544067,4.977643829,43.31428302,Titanium,36.33934132,12.98442435,21.85353976,0.080834306,D,1.013
56.95547744,0.772972791,4.29291086,11.39109549,Brass,36.59657433,26.48696227,26.34329357,0.070456721,B,1.581
467.7433532,0.644909306,2.655083876,93.54867063,Steel,12.72622585,27.25689968,28.18315212,0.070368499,C,1.397
242.6828667,0.174682634,0.411840456,48.53657335,Titanium,27.50507384,27.0469289,26.40854136,0.091297044,D,1.892
484.9946686,0.080899871,4.17373022,96.99893371,Brass,23.53811428,29.24476638,23.10398095,0.084234333,B,1.81
483.6289897,0.924805455,3.03499469,96.72579794,Steel,44.17371348,16.59456603,26.5611115,0.082000302,C,1.723
433.854255,0.635817799,0.663171686,86.77085099,Steel,33.41385145,21.48085315,22.10461748,0.080297501,C,1.429
182.5020014,0.806710426,0.559900696,36.50040029,Aluminium,28.96268299,24.53839664,23.18254997,0.073763403,A,1.736
223.2939779,0.507446234,4.557171415,44.65879557,Aluminium,10.1927589,10.90045443,22.40069653,0.087828934,A,0.894
433.0115022,0.16144278,3.379081288,86.60230044,Aluminium,32.25370502,25.49138606,25.56925102,0.077468709,A,1.438
192.6149023,0.168926503,4.163505317,38.52298046,Copper,10.27417576,41.47113277,21.08226647,0.086964357,E,1.02
126.271736,0.701287023,4.406996611,25.2543472,Copper,20.1742959,42.26267942,29.3331038,0.084393738,E,1.767
300.5605681,0.4587906,2.901684525,60.11211362,Aluminium,11.42788842,23.52036974,23.33512354,0.083763552,A,0.909
471.2696484,0.24049849,2.635487124,94.25392967,Copper,36.14331412,28.34637404,22.18970127,0.077802483,E,1.277
363.2134085,0.517014819,2.209094311,72.6426817,Brass,14.28134512,6.514264946,24.96549814,0.078159355,B,1.685
306.5275265,0.11099849,1.65303828,61.30550531,Copper,22.63367179,35.34946504,22.76997818,0.086844567,E,1.647
93.7294222,0.602872832,2.229520208,18.74588444,Steel,45.30536499,23.20726473,25.34904086,0.085581269,C,1.476
326.753252,0.305543734,3.892010313,65.3506504,Titanium,14.19423725,25.04649574,23.4850915,0.085711311,D,1.292
495.5242325,0.807681146,3.049424812,99.10484651,Steel,27.85122788,44.31527272,21.32066811,0.087195974,C,1.55
113.0378069,0.344843861,4.473364121,22.60756137,Brass,23.86722475,25.78254956,22.65895242,0.076372339,B,1.489
283.2483436,0.482459142,2.27256207,56.64966871,Titanium,5.815581847,5.95365108,24.38439845,0.091422066,D,1.415
444.8178824,0.061039513,3.074738936,88.96357647,Brass,40.67411511,15.23709009,20.30293226,0.084857138,B,1.236
383.345878,0.118824543,3.19340701,76.6691756,Titanium,8.107065784,26.40292764,27.70642527,0.092775152,D,1.448
363.6570834,0.422868879,2.999316095,72.73141669,Copper,26.34147594,24.09783317,26.21824565,0.077175597,E,1.639
366.1178378,0.505941893,3.542905488,73.22356756,Titanium,30.23052327,43.71665618,26.01359607,0.090352638,D,1.257
211.771018,0.620019521,1.263423995,42.35420361,Aluminium,33.27919055,29.39618792,25.46049932,0.090595694,A,1.312
182.1163299,0.32707945,2.61058251,36.42326598,Steel,35.98842332,36.03360839,25.90313172,0.080657425,C,1.193
414.21252,0.710232792,0.610701534,82.84250399,Aluminium,16.39725726,26.11954837,29.34651953,0.085182098,A,1.515
414.5510276,0.867116277,1.984105505,82.91020552,Aluminium,5.44904495,24.78450803,20.08569211,0.083371137,A,1.352
440.1825434,0.790858439,2.489568636,88.03650867,Copper,37.55496481,25.08290008,20.4779971,0.093275022,E,1.553
460.9582487,0.087637884,3.295898872,92.19164973,Aluminium,29.10454697,23.49147064,21.9149341,0.090793692,A,1.62
280.1040795,0.5064816,4.757602158,56.0208159,Brass,42.62529664,29.23625236,21.6730138,0.097533784,B,1.627
275.6823326,0.149683669,3.043190226,55.13646652,Aluminium,41.96247633,16.26995308,21.81194459,0.0908446,A,1.215
409.2328305,0.279942765,3.743610189,81.84656611,Copper,42.94967755,45.09748372,26.71943886,0.093781341,E,1.891
342.4837688,0.987329464,2.580703692,68.49675377,Copper,26.8292597,19.98884966,24.59483301,0.096270464,E,1.284
365.8850948,0.185370766,3.207109754,73.17701895,Copper,20.01327781,11.63857254,29.91778878,0.093472834,E,1.29
408.1067012,0.523943746,0.447567859,81.62134025,Steel,40.62011912,9.344771537,22.26885915,0.089070075,C,1.767
450.5024038,0.637247948,1.346518746,90.10048076,Aluminium,25.30823509,5.60403118,23.10830101,0.088429809,A,1.406
202.0978206,0.717341722,1.873080157,40.41956412,Titanium,13.25489884,24.02852354,29.84240717,0.091172904,D,1.81
219.0123287,0.581666249,2.41521744,43.80246574,Brass,43.47383088,13.44249448,28.31758141,0.095844781,B,1.297
92.29187293,0.059282305,0.323678853,18.45837459,Titanium,44.71519445,5.974155616,24.69799221,0.088321637,D,1.2
310.2260634,0.360138243,0.786118078,62.04521269,Steel,25.98393903,28.40087958,25.54596886,0.09570321,C,1.408
66.17402321,0.541826061,1.456390108,13.23480464,Titanium,8.406487729,35.59903469,28.43177921,0.094345894,D,1.136
259.5191082,0.133473174,4.860510185,51.90382163,Aluminium,22.45217405,8.858797291,24.80980246,0.086756492,A,1.67
294.1900856,0.383095585,1.723600335,58.83801712,Steel,41.15919468,25.74143478,22.06023724,0.09633099,C,1.724
178.9435635,0.081542953,2.462001185,35.78871269,Copper,45.57983128,38.46329054,28.28444539,0.094313209,E,1.274
315.8749673,0.124649572,1.060878792,63.17499345,Titanium,14.15627341,49.36130695,25.37772491,0.091141273,D,1.599
63.72511247,0.427077112,3.092822348,12.74502249,Aluminium,8.013812541,35.02356551,21.53042597,0.094821327,A,1.606
66.80668494,0.176079966,1.475347756,13.36133699,Copper,44.48077039,16.01777979,25.05585831,0.091916219,E,1.494
420.1702523,0.589163806,1.114263634,84.03405046,Brass,22.52322225,37.24491379,24.13203381,0.096003125,B,1.58
212.0857886,0.704991721,2.631205879,42.41715773,Brass,29.37924339,31.90682421,28.76842532,0.094215253,B,1.352
107.1772307,0.810557364,0.126978416,21.43544614,Titanium,48.56296154,14.53096799,21.26055431,0.087695724,D,1.273
285.009467,0.240142732,0.13755376,57.0018934,Copper,7.995412756,43.29998716,28.75209804,0.094945458,E,1.641
396.4970989,0.209108453,1.173437165,79.29941978,Titanium,34.17431034,24.23319923,25.12211017,0.093712506,D,1.208
147.1194624,0.149339448,0.279934676,29.42389247,Titanium,8.334744016,48.28899446,24.0436443,0.099394148,D,1.219
330.3007141,0.654608737,0.629326195,66.06014282,Copper,21.89610178,37.53054534,21.61967184,0.100905349,E,1.123
88.40635925,0.72115194,1.760417182,17.68127185,Titanium,41.17165453,34.00534196,27.00817963,0.094251788,D,1.147
73.25677453,0.080006838,4.03266983,14.65135491,Steel,24.50625047,37.77587769,29.26806709,0.09314011,C,1.661
289.1095842,0.939401634,2.903038353,57.82191684,Brass,49.87320593,26.51436585,23.75377354,0.088976607,B,1.147
293.2858047,0.099372719,2.612071857,58.65716094,Copper,30.15766782,27.7351915,22.41585001,0.093597482,E,1.362
336.8434557,0.564231519,1.538095234,67.36869113,Brass,19.45229687,43.30433235,25.54866917,0.096341614,B,1.403
376.7411002,0.723607493,4.665593225,75.34822004,Titanium,14.90500967,35.64178415,27.96185948,0.091551932,D,1.247
489.1334358,0.877420668,2.045373702,97.82668715,Brass,20.77342404,45.37594963,20.03767695,0.103004222,B,1.447
282.3351567,0.728382586,0.526754557,56.46703135,Aluminium,21.76399732,45.08720391,26.31377436,0.100139639,A,1.496
195.3304128,0.811641679,3.123625929,39.06608256,Titanium,8.092115498,48.94205153,25.96516001,0.098517036,D,1.311
407.8337876,0.372477683,0.657808128,81.56675753,Copper,21.63083897,36.50965965,23.18152186,0.099326053,E,1.357
171.8745131,0.824083858,1.7915934,34.37490261,Brass,25.89073339,27.60357729,24.51423004,0.101229924,B,1.12
247.5371393,0.126109104,2.5863185,49.50742786,Steel,37.52319885,12.48402651,22.46963224,0.103155465,C,1.474
85.3053716,0.900075823,4.383690371,17.06107432,Titanium,34.55282681,36.74212518,27.89885738,0.104325318,D,1.42
61.40783454,0.570212757,2.518378244,12.28156691,Aluminium,36.89445449,18.12099725,26.34534933,0.099024916,A,1.495
483.1917866,0.826432881,3.541067954,96.63835732,Titanium,5.376365684,17.73264056,25.32711622,0.100151186,D,1.106
426.1910542,0.47970237,4.964802511,85.23821085,Aluminium,14.79503298,15.72294994,23.92526198,0.102016002,A,1.208
363.1883927,0.66139881,0.744296688,72.63767855,Aluminium,34.77579298,44.38049258,22.91384386,0.100527635,A,1.705
234.028825,0.550082528,1.446184475,46.805765,Brass,26.77952157,44.0584001,28.22736486,0.106093319,B,1.263
127.982444,0.745010046,2.03342277,25.59648881,Steel,5.239106405,33.39367002,24.5140767,0.108158634,C,1.474
120.3966692,0.127548483,2.166958075,24.07933384,Copper,41.20225891,26.28414416,25.0144742,0.104032679,E,1.859
162.6093042,0.10733448,2.114003269,32.52186083,Titanium,39.7764308,35.2451507,25.20828731,0.098061644,D,1.523
297.1519991,0.284748072,4.547293913,59.43039982,Copper,29.67886233,32.32532526,24.48366935,0.105434898,E,0.861
371.5681652,0.201567446,3.598759958,74.31363304,Copper,7.99084966,23.70804117,22.56088426,0.105101678,E,1.597
347.0888195,0.878194388,3.078735549,69.4177639,Steel,39.49317723,22.08338904,21.2034044,0.098513263,C,1.069
175.9702536,0.258253288,1.615926318,35.19405073,Steel,31.26711145,22.22574387,20.98537267,0.105676764,C,1.515
479.6893763,0.977071993,4.136572883,95.93787526,Copper,40.18819897,31.51100314,27.57462523,0.101333101,E,1.232
382.0536125,0.370051002,4.779796506,76.4107225,Copper,38.82861466,34.14512103,22.23527822,0.108074813,E,1.469
299.4593236,0.22301202,4.123871584,59.89186473,Aluminium,41.13509324,25.32837891,20.55672815,0.107135987,A,1.118
325.2743358,0.800213582,0.107669015,65.05486716,Brass,28.31036299,48.59111526,27.97517407,0.106039858,B,1.874
238.8200281,0.675772387,3.218366714,47.76400562,Copper,11.31460332,8.77305731,21.54061653,0.105407949,E,1.641
161.4789453,0.523285931,0.350563369,32.29578906,Brass,35.2020863,20.61711617,26.25146092,0.094838645,B,1.227
210.1877054,0.577595373,1.36227538,42.03754108,Titanium,32.92132033,23.85836074,23.38643271,0.09972442,D,1.27
391.0307497,0.733241689,0.391671032,78.20614994,Copper,38.40139342,5.761460456,21.26480257,0.10543208,E,1.168
56.47706988,0.267032004,3.058597719,11.29541398,Brass,12.64464527,21.42307345,24.14480979,0.113973294,B,1.467
102.2326882,0.99651722,3.464290576,20.44653765,Aluminium,13.773884,17.31694627,20.14808861,0.109490072,A,1.546
70.70118891,0.976053504,0.660989427,14.14023778,Brass,45.06842827,27.77163216,28.41044983,0.116027189,B,1.354
68.32796104,0.667809402,1.980810527,13.66559221,Steel,38.74900093,20.13847462,25.13497961,0.107662183,C,1.308
434.9572628,0.239565328,2.335558894,86.99145256,Titanium,45.87028199,37.67819607,21.39160011,0.107383284,D,1.699
366.6460367,0.69621683,1.908359807,73.32920734,Titanium,39.14218945,27.94696229,22.36980318,0.114953454,D,1.277
263.3782231,0.118588489,0.693022502,52.67564462,Copper,31.87198877,10.83930051,24.47975192,0.107322047,E,1.243
94.02537229,0.079119877,2.152844172,18.80507446,Titanium,34.43597317,38.75275959,21.88869383,0.103476059,D,1.748
271.2271438,0.294798744,3.780772434,54.24542876,Brass,45.01075658,9.465300324,22.68599162,0.110282469,B,1.608
263.0622969,0.489491809,0.447937556,52.61245937,Copper,31.04630395,42.75721256,25.34385564,0.114601559,E,1.181
127.9408415,0.87485888,0.492882069,25.58816829,Titanium,33.45760959,46.91399873,28.32609013,0.105149542,D,1.581
245.2332422,0.740810616,1.83837933,49.04664843,Copper,12.04145222,19.51003806,24.01839686,0.112514787,E,1.165
229.3271305,0.755571195,4.714455987,45.8654261,Copper,26.32645491,46.6764185,27.16975274,0.109393677,E,1.492
327.1325441,0.454218668,3.376005969,65.42650882,Steel,37.23787004,40.68536716,28.76684213,0.112406899,C,0.999
335.7921429,0.378638243,3.425482788,67.15842858,Copper,17.19242142,46.5096025,22.1630094,0.11200811,E,1.483
70.3868044,0.402486825,1.873407955,14.07736088,Copper,14.10143812,34.98215616,28.0719197,0.108659209,E,1.728
218.5756766,0.988267086,3.008937877,43.71513532,Brass,19.12220637,15.60398177,27.57402198,0.110490082,B,1.203
331.6369621,0.088103732,0.149642802,66.32739241,Titanium,15.86752826,45.25354566,23.56937298,0.109545172,D,1.038
276.4113164,0.873679921,3.216870627,55.28226327,Steel,14.67106867,13.29192843,29.8951996,0.112195343,C,1.057
435.4204285,0.599741638,4.575106043,87.08408571,Copper,24.11828793,14.5877248,22.62572371,0.107661406,E,1.302
346.4121342,0.466684648,3.101609995,69.28242685,Brass,45.85273312,17.19783456,22.54803266,0.109146758,B,0.942
123.3204922,0.738994777,4.381123108,24.66409844,Titanium,27.8176841,18.69108402,27.72259165,0.11040267,D,1.177
81.75593633,0.512335494,3.647467972,16.35118727,Copper,13.45641714,28.1515839,24.34657318,0.114721277,E,1.66
339.0886752,0.879752076,0.69073624,67.81773504,Copper,8.463725122,37.10558122,23.30794995,0.105975383,E,1.44
61.93008974,0.905666771,4.522021206,12.38601795,Titanium,36.32702653,46.67936785,21.78662805,0.112807695,D,1.039
313.5990116,0.450634881,0.425574837,62.71980231,Aluminium,22.2259444,8.97969143,27.65332431,0.110092589,A,1.065
473.1036086,0.312986407,2.716440615,94.62072173,Titanium,41.9823926,47.9466213,27.86321806,0.111866864,D,1.381
308.96338,0.612732812,0.796471907,61.79267601,Copper,34.67798459,46.45953352,25.66564003,0.110913368,E,1.381
224.6764668,0.916745178,0.157362393,44.93529336,Brass,40.83086527,7.429968148,29.57313613,0.115477364,B,1.414
339.4796983,0.25012908,2.167967875,67.89593966,Aluminium,17.23757177,21.2144512,23.1816327,0.114009228,A,1.177
256.2138007,0.641818254,1.545699468,51.24276014,Titanium,36.15615151,41.59145256,22.19619045,0.118643136,D,1.38
295.5275552,0.649982209,2.48140242,59.10551104,Titanium,16.88278931,32.52094455,26.77466769,0.117384032,D,1.298
473.6591639,0.746457371,2.928279445,94.73183279,Copper,47.25808158,40.05922745,27.58408641,0.107980435,E,1.449
223.746187,0.174989301,0.314321454,44.7492374,Brass,33.63684267,37.35650025,22.24905971,0.111155961,B,1.491
482.5357537,0.730033716,0.702716146,96.50715074,Steel,19.60303101,27.35465509,20.76610764,0.11538071,C,1.101
457.4077889,0.913580895,2.837347743,91.48155778,Copper,17.1280338,6.854812068,28.10516487,0.116321861,E,1.89
138.1060107,0.220698953,1.781520031,27.62120213,Copper,13.59169633,31.29206909,29.76501974,0.112467923,E,1.645
81.21258539,0.275666159,3.672950089,16.24251708,Brass,36.25884315,7.185499388,26.44672286,0.123636989,B,1.108
95.35010062,0.972825339,3.296229078,19.07002012,Copper,14.84220258,32.16770229,22.778669,0.121730846,E,1.697
58.19982154,0.221928105,4.243461379,11.63996431,Brass,31.78864697,41.01848881,29.96672609,0.109473993,B,1.262
92.49933234,0.861665839,3.493214851,18.49986647,Brass,16.90857621,31.32462869,28.93266636,0.11971512,B,1.176
357.353048,0.517663964,2.206662279,71.47060961,Aluminium,34.78860252,49.86598121,25.13380646,0.118049296,A,0.934
82.03489181,0.284869521,3.39753645,16.40697836,Titanium,41.67228778,25.51399251,28.25321285,0.124787944,D,1.112
193.5390336,0.877212406,1.449367754,38.70780673,Aluminium,40.01113594,38.69723586,28.15820523,0.111009439,A,1.162
430.1938899,0.473039992,1.600936144,86.03877799,Copper,39.23830989,35.02459813,29.3479897,0.129448423,E,1.432
60.47237108,0.539076486,3.966027284,12.09447422,Titanium,13.44750826,49.61442612,28.40923844,0.115224711,D,1.393
416.5108172,0.391271701,2.28745563,83.30216343,Copper,8.977322614,37.09485523,26.43679236,0.121622364,E,1.257
176.8346486,0.613303309,4.012063669,35.36692973,Steel,36.45269728,12.38138292,26.09303719,0.116988235,C,1.171
103.1741724,0.205347679,4.129869631,20.63483449,Copper,21.57562462,47.99829679,24.67357288,0.118429516,E,1.062
363.5317244,0.42152746,4.302055455,72.70634488,Titanium,24.45558019,35.04997519,26.2648564,0.112153511,D,1.142
333.0242811,0.970941706,4.591512656,66.60485621,Aluminium,6.401709176,7.670220386,27.95216587,0.126875325,A,1.113
444.8624061,0.295226761,2.211827581,88.97248122,Brass,16.68094022,34.59057376,29.69037626,0.119832944,B,1.441
380.7819697,0.673899831,1.66244741,76.15639394,Steel,6.515438174,44.7403733,24.67287358,0.120463182,C,1.669
411.5664187,0.358930561,2.952773858,82.31328373,Copper,44.56335977,30.96688379,25.73653203,0.133324171,E,1.706
176.9155577,0.784799469,1.918744875,35.38311153,Steel,15.95285074,20.93088371,24.44805495,0.126849266,C,1.228
129.8477947,0.174329978,3.045263417,25.96955894,Aluminium,30.08017263,41.94093353,26.68488621,0.119000536,A,1.44
387.7766382,0.971329993,3.557370727,77.55532765,Titanium,6.75406943,40.21304037,26.29920504,0.119581353,D,1.655
413.0756327,0.481100064,3.473184591,82.61512653,Aluminium,35.00813261,29.48819694,20.1783379,0.124221929,A,1.177
495.7273139,0.27424794,1.935309146,99.14546278,Copper,19.53623056,11.94627965,25.41161559,0.127066863,E,1.285
235.6779546,0.11982191,0.917614988,47.13559092,Aluminium,45.40636341,16.29439185,20.88486896,0.132265714,A,1.427
217.4081386,0.21127001,2.209593758,43.48162772,Titanium,44.9653185,38.23177875,20.26383618,0.115753297,D,1.677
399.3858323,0.543785251,0.798711306,79.87716647,Brass,19.63807783,41.27369744,27.91197162,0.127719181,B,1.25
203.3615931,0.370153018,4.461475472,40.67231862,Copper,45.54324031,17.56693751,22.58649862,0.128812721,E,1.622
468.8407965,0.837439198,1.794799558,93.7681593,Aluminium,49.82709531,21.55932847,23.40655077,0.12071713,A,1.337
436.2857383,0.459343147,0.856852761,87.25714767,Brass,42.14370489,8.493434836,20.64084588,0.123153655,B,1.79
243.0473123,0.286278559,0.224694024,48.60946246,Titanium,43.01921065,37.10578768,21.7950026,0.117093587,D,1.272
387.8919805,0.636287737,3.264529693,77.5783961,Steel,16.20539312,5.160989507,27.65604818,0.123031067,C,1.337
389.5442933,0.721438356,3.220821356,77.90885867,Copper,30.95160795,7.094368455,24.9353083,0.126986296,E,1.116
96.40574098,0.208689813,1.768960416,19.2811482,Copper,8.026516129,5.19548305,28.80668463,0.134086703,E,1.298
456.148808,0.209238255,0.451388255,91.2297616,Steel,9.271307157,34.03938125,23.97242131,0.134838234,C,1.428
277.3635676,0.084837856,2.107181585,55.47271352,Brass,49.95016754,23.78242075,22.68700736,0.121550199,B,1.911
421.9058597,0.749581914,1.624965726,84.38117195,Steel,19.69876622,18.38960426,23.47599814,0.134276283,C,1.614
194.0223205,0.680614301,3.417891135,38.80446409,Aluminium,38.66827604,46.07154547,27.12771794,0.117530551,A,1.242
452.9854528,0.500899332,3.068318322,90.59709056,Copper,41.29992739,13.67612576,25.55005672,0.124642918,E,1.109
225.1407554,0.851961927,1.886509268,45.02815109,Titanium,43.6110472,22.52156047,29.04191208,0.126348807,D,1.624
54.87694317,0.815386645,1.167673516,10.97538863,Brass,49.89327338,47.31403104,26.02168769,0.129407095,B,0.924
457.4218894,0.606086646,4.941376234,91.48437788,Titanium,15.86734184,24.21979533,24.93018208,0.12897099,D,1.542
91.07900455,0.874857716,2.324607944,18.21580091,Titanium,6.815787209,29.96121585,27.85752724,0.130557221,D,1.272
193.6911369,0.24554915,3.472543755,38.73822738,Titanium,23.50361831,8.615158996,29.47533851,0.128104232,D,1.305
477.5278852,0.156323638,0.788709541,95.50557703,Brass,10.85363014,40.55748741,23.55845911,0.134107253,B,1.364
477.7732161,0.306262131,2.479389528,95.55464322,Titanium,6.009165012,24.02414497,22.4987621,0.133058778,D,1.755
308.0470497,0.104232513,0.234929927,61.60940993,Aluminium,21.21920722,41.02318061,26.16217396,0.128442076,A,1.141
334.3267455,0.554611052,2.576730078,66.8653491,Copper,40.2682213,16.42089392,24.98872821,0.134392149,E,1.552
251.8004849,0.939775408,4.823685295,50.36009698,Steel,30.47813111,24.01154378,29.89185575,0.140812647,C,1.219
181.9448473,0.087376364,1.982612894,36.38896945,Copper,19.07500951,40.39470214,24.62361784,0.127394468,E,1.243
197.8990454,0.166004418,0.291080462,39.57980908,Steel,34.44539025,48.82449952,20.74331551,0.139427734,C,0.946
352.6333052,0.479589077,0.251683376,70.52666105,Brass,15.44081811,7.683148597,29.77369061,0.128423965,B,1.788
388.5685382,0.937181267,2.001135124,77.71370765,Copper,5.647165073,41.56052798,28.43586946,0.138683261,E,1.756
406.2105697,0.3503483,0.884122189,81.24211394,Copper,39.39590239,18.53100804,21.78250144,0.129192242,E,1.576
405.3281643,0.531873068,0.214425272,81.06563285,Copper,33.06843882,29.78344764,29.04605253,0.136040524,E,1.481
91.04274637,0.089494216,3.805446708,18.20854927,Titanium,39.3036181,18.05415192,23.40666821,0.133400668,D,1.435
272.4891371,0.190926041,2.346762744,54.49782742,Brass,6.752210751,32.60504627,23.77111985,0.1238665,B,1.5
75.90144201,0.987298617,1.517299383,15.1802884,Titanium,42.67038325,20.92112738,29.06391482,0.142660845,D,1.708
297.287997,0.966862762,4.510407597,59.45759941,Aluminium,32.878679,20.01267009,25.30115565,0.128896113,A,1.178
248.6887256,0.054692982,0.669080905,49.73774512,Aluminium,30.35279078,6.707224082,21.37762929,0.127315667,A,1.509
449.4668822,0.954221196,4.784002262,89.89337645,Steel,33.10763217,11.61321827,23.69056159,0.13075676,C,1.018
207.9117556,0.657163941,1.638436915,41.58235113,Brass,43.89949611,46.26851895,27.22097446,0.14690048,B,1.584
102.6801574,0.87452238,4.453177994,20.53603148,Aluminium,31.4121428,49.9224843,21.74184188,0.128265967,A,1.259
114.3462569,0.482002863,3.054420095,22.86925138,Copper,31.14276709,40.12342591,25.90231197,0.135716042,E,1.118
392.6797843,0.539816227,4.150866063,78.53595685,Aluminium,49.58056207,17.90656811,26.95274133,0.129499303,A,1.155
328.1981285,0.514404251,4.9216645,65.6396257,Titanium,39.05285752,23.11003123,23.43853576,0.130646864,D,1.021
95.50520426,0.683521045,1.513186645,19.10104085,Aluminium,24.90322125,38.27765547,26.93880689,0.127698583,A,1.299
87.84806275,0.182668692,4.809563878,17.56961255,Brass,36.832865,48.58311006,28.84207352,0.137561827,B,1.518
365.4361092,0.07847491,2.008461285,73.08722183,Steel,22.51537123,25.49620268,24.72116744,0.135470177,C,1.335
82.74335286,0.342533445,1.989008333,16.54867057,Copper,15.29939581,42.32850869,23.82909328,0.130909735,E,1.284
419.8370267,0.719446725,1.767896811,83.96740534,Steel,31.85833446,48.87810152,22.51158401,0.141222874,C,1.324
367.8090022,0.24176078,2.752897276,73.56180044,Aluminium,46.76819442,44.3062927,26.0420548,0.142040751,A,1.562
86.60695129,0.689760812,0.855310712,17.32139026,Titanium,46.8112784,15.2217386,28.79852048,0.13947353,D,1.306
88.17697134,0.971416444,2.813186278,17.63539427,Steel,20.38573751,5.361433874,23.24661267,0.143581077,C,1.106
493.9878103,0.13920568,2.754353581,98.79756207,Titanium,28.74548598,27.14367674,23.96235525,0.136272967,D,1.746
218.4218581,0.688972012,3.833318882,43.68437162,Steel,14.52361544,28.91123743,24.06625518,0.139920182,C,1.281
216.7889662,0.471562708,4.184884813,43.35779324,Aluminium,49.80339993,14.0562664,25.60812342,0.13687285,A,1.26
415.7598053,0.874735142,2.258162617,83.15196105,Steel,49.15030585,17.81034764,22.28408962,0.131352223,C,1.163
476.2618598,0.2182923,1.581432922,95.25237196,Steel,34.22790184,39.43189224,28.22211155,0.140275411,C,1.758
493.7004787,0.707994655,1.370740997,98.74009574,Titanium,41.19863269,26.16562664,22.95602278,0.140262859,D,1.979
389.0201834,0.846209525,1.0536568,77.80403667,Copper,37.17950726,19.28093376,27.05362691,0.139608788,E,1.16
219.3168135,0.947383509,0.382473153,43.8633627,Titanium,31.69211986,33.01817123,25.13215742,0.141919427,D,1.649
87.57532251,0.699085627,1.777995096,17.5150645,Steel,7.400659865,34.37418902,25.85897603,0.147399853,C,1.242
399.7161122,0.522316026,1.424213691,79.94322243,Copper,25.46439541,39.62280996,21.79608739,0.139608531,E,1.13
301.2819124,0.636954878,4.835445191,60.25638248,Copper,35.3653836,12.05191831,27.35023198,0.136135077,E,1.109
240.8999042,0.875459735,2.832773249,48.17998083,Aluminium,35.48892262,38.36827635,21.88620519,0.139972456,A,1.507
457.8594733,0.592079259,1.801657491,91.57189466,Steel,21.79051783,31.97427764,21.13473638,0.140817301,C,1.025
100.038867,0.078867707,2.944291245,20.00777341,Titanium,47.3761394,7.590733939,25.466795,0.146709735,D,1.371
271.6812969,0.934401261,0.782063837,54.33625939,Steel,12.53106645,39.98505327,27.09297137,0.142615398,C,1.599
55.10914015,0.705050413,2.275814371,11.02182803,Steel,27.51617508,22.23861266,20.50035836,0.136631426,C,1.727
260.8972889,0.692687716,3.168548175,52.17945778,Brass,36.08977894,19.86714204,20.69395315,0.146689952,B,1.277
75.33647406,0.254891395,2.495599376,15.06729481,Steel,36.37111127,25.16338182,28.02679163,0.146178592,C,1.401
103.4680623,0.675941197,2.068716123,20.69361246,Brass,34.18875305,20.57787848,28.090327,0.143778756,B,1.532
102.886811,0.424171185,4.969857106,20.57736221,Steel,17.38796961,20.22285165,22.45304717,0.148274766,C,1.322
342.144636,0.668671328,4.413542335,68.42892719,Steel,12.02929559,41.36349505,26.15228203,0.149401859,C,1.29
385.7201957,0.151263379,3.154689195,77.14403913,Copper,33.61731471,10.60273645,24.43180075,0.142226912,E,1.241
312.5159443,0.674953039,2.88994907,62.50318886,Brass,31.96859523,48.67700305,26.32696041,0.139903598,B,1.157
482.9776468,0.999443039,3.141236351,96.59552936,Copper,13.07102046,29.971924,28.62879284,0.144635313,E,1.61
218.6917608,0.095801437,1.086429328,43.73835216,Copper,36.73126155,13.23157993,20.79856425,0.147668044,E,1.257
178.5704388,0.978315475,2.036174942,35.71408777,Copper,25.48273963,10.90469673,27.77984426,0.144748501,E,1.28
440.8696077,0.436562563,0.293351711,88.17392154,Aluminium,35.04922662,31.61792895,24.93029105,0.140623448,A,1.1
150.6181273,0.877215778,2.430175584,30.12362547,Brass,42.68151859,33.48497497,25.64126944,0.146669216,B,1.082
483.4501427,0.79326621,2.760820461,96.69002855,Titanium,12.63777929,7.386159696,26.5393136,0.135978643,D,1.155
55.46951361,0.588665448,1.215973707,11.09390272,Aluminium,5.86151906,15.93508614,29.22623149,0.144814131,A,1.592
486.445472,0.751526749,4.823741351,97.2890944,Brass,40.05961639,40.79578645,20.56719954,0.150982556,B,1.584
69.42196038,0.884589783,4.556327594,13.88439208,Steel,32.43638413,7.233108248,20.29476352,0.151544209,C,1.639
451.0144012,0.433933306,3.638501854,90.20288023,Titanium,36.48378063,43.47898988,21.78261781,0.128508413,D,1.113
287.4654991,0.360681503,2.713594481,57.49309982,Steel,42.71697387,34.61731144,29.86447726,0.146634677,C,1.868
496.8341583,0.684213716,4.362848882,99.36683165,Steel,41.12649207,24.54904667,27.15076367,0.150884267,C,1.466
83.20845413,0.817453645,0.740196485,16.64169083,Aluminium,48.24140661,20.5894782,26.14641119,0.142297768,A,1.165
299.234428,0.774170878,3.973497992,59.8468856,Steel,29.11707855,5.866203373,20.47039053,0.146608695,C,1.845
486.186141,0.807922966,0.711621988,97.23722821,Titanium,26.98230347,42.13467256,28.79110224,0.154797343,D,1.769
285.3940299,0.463804149,3.991632246,57.07880598,Brass,23.084924,11.42248343,28.12756853,0.146628232,B,1.301
333.2293872,0.826942505,1.451261084,66.64587743,Aluminium,11.91609693,18.92938963,26.64800044,0.157332548,A,1.006
363.08691,0.164198603,4.397743847,72.61738201,Titanium,30.76732548,30.60981412,23.39130815,0.145923701,D,1.446
254.5434791,0.567264643,4.72580626,50.90869583,Brass,17.46556359,16.069667,20.70504956,0.156969321,B,1.582
332.401136,0.055470727,0.82910025,66.48022721,Brass,46.45883805,27.37132087,25.80038488,0.150378028,B,1.507
312.9414404,0.358356538,2.367110465,62.58828807,Aluminium,31.24358619,41.42042729,27.19694571,0.146108864,A,1.127
455.5211047,0.398138458,4.906838153,91.10422094,Brass,31.67780812,26.17420707,20.9424035,0.157856861,B,1.795
70.45087115,0.426364057,2.468696436,14.09017423,Brass,20.97160974,47.70398049,26.3376766,0.145048706,B,1.364
176.4334353,0.710693846,4.33138286,35.28668706,Brass,7.339520839,43.13752792,22.86366068,0.14739151,B,1.81
477.6851678,0.419130196,2.984784458,95.53703357,Steel,6.428469442,19.98676559,27.64244221,0.154111259,C,1.118
450.6187028,0.476258941,1.939116549,90.12374055,Steel,24.05008149,22.99829561,25.39615851,0.152356039,C,1.46
255.0455388,0.275666924,1.500339422,51.00910775,Steel,8.805442014,24.04970272,21.29036788,0.153612061,C,1.015
329.059669,0.404589202,1.095793146,65.8119338,Titanium,32.308113,33.17807538,25.26519448,0.150690941,D,1.38
174.8215323,0.265906146,3.832811138,34.96430647,Brass,44.64378525,17.90580781,23.95736863,0.146825855,B,1.452
134.6545219,0.119536128,1.994048483,26.93090438,Copper,44.73116674,48.61621125,21.80355968,0.149851834,E,1.808
258.6642822,0.623276164,2.605249765,51.73285644,Aluminium,34.65704346,32.39078993,28.41515724,0.1600054,A,1.111
209.0085026,0.684802159,2.512394852,41.80170052,Copper,14.50543242,22.97307464,20.11028448,0.147008789,E,1.703
312.6452503,0.638515829,2.928667243,62.52905007,Aluminium,43.83485741,34.0254417,23.12128277,0.162206321,A,1.378
84.98058663,0.490319342,4.341328014,16.99611733,Brass,44.87420459,22.79322547,20.12595038,0.155853569,B,1.415
488.4776634,0.410796491,4.905622784,97.69553269,Aluminium,13.84941132,41.80080564,20.96006947,0.15158054,A,1.034
493.794835,0.870166967,2.097162622,98.758967,Titanium,38.18417386,30.55284322,22.97096219,0.14484459,D,1.835
364.1727713,0.543127696,4.154842718,72.83455426,Aluminium,17.8933797,6.888672653,20.54271185,0.145791717,A,1.432
291.2433649,0.505222784,3.846186194,58.24867297,Titanium,41.11881406,12.95405903,25.96630532,0.153656016,D,1.417
189.2874273,0.074359963,2.910291862,37.85748547,Titanium,49.8757055,43.92472879,20.86862908,0.153340505,D,1.502
416.2077589,0.374185436,4.784631004,83.24155177,Titanium,6.35117024,30.33049219,27.01713634,0.156604759,D,1.226
358.1290276,0.411185838,1.082325126,71.62580553,Brass,45.38146396,47.76545644,20.52642113,0.164902028,B,0.904
123.1776227,0.428881642,0.635394631,24.63552454,Brass,33.01837401,8.259004079,20.59308895,0.159284567,B,0.99
459.917233,0.601163751,4.284413638,91.9834466,Copper,48.80221786,18.28672835,23.05325899,0.156243443,E,1.518
420.1417593,0.556922419,2.251834102,84.02835186,Brass,25.92542829,13.7094518,28.96571525,0.163261399,B,1.628
477.409961,0.627509838,4.250147386,95.4819922,Aluminium,43.13245688,29.92281315,26.41393249,0.158220737,A,1.383
376.5737788,0.776639098,4.476142005,75.31475575,Copper,7.807733087,22.2256774,27.70131292,0.165756303,E,1.15
326.0368382,0.822336452,0.406042209,65.20736763,Copper,20.08755725,12.07730903,21.41552109,0.154687617,E,1.415
238.2093663,0.732216922,4.428977339,47.64187327,Steel,8.015744199,33.92383613,28.34125433,0.152599384,C,1.597
469.7278175,0.957747511,2.296763371,93.9455635,Steel,48.89044101,29.13342646,20.08146248,0.148626967,C,1.368
439.7287503,0.067320954,2.601119196,87.94575006,Titanium,41.76382583,17.36313131,22.13057351,0.158391863,D,0.933
70.34840155,0.235989086,3.170303304,14.06968031,Brass,43.36463396,26.5897111,26.16092321,0.153036002,B,1.427
61.86513852,0.057184731,4.639274773,12.3730277,Brass,47.20843541,38.55822418,23.75246409,0.153255484,B,1.162
219.4085151,0.665100978,0.193668863,43.88170302,Brass,8.829656875,14.23722535,29.84193392,0.164961387,B,1.619
414.7489989,0.903129022,2.436532995,82.94979977,Brass,22.35189166,18.1807586,20.30339247,0.151469572,B,1.596
494.2742582,0.281308182,3.469838008,98.85485164,Aluminium,8.196570007,20.57499442,29.98598168,0.160888163,A,1.456
117.687601,0.930682818,3.641264093,23.5375202,Titanium,14.48568957,38.60268967,26.23627833,0.160244497,D,1.056
317.3588219,0.107254021,3.493408915,63.47176438,Aluminium,15.32145997,43.11151698,25.58706995,0.161411607,A,1.787
221.4008855,0.937714225,0.758732134,44.2801771,Aluminium,26.1098245,21.93748234,20.59512443,0.168161754,A,1.118
486.461479,0.384041553,1.567038383,97.2922958,Copper,17.08529754,18.34793878,22.73328877,0.157403075,E,1.833
428.9535154,0.146349787,1.857706075,85.79070308,Steel,9.544014807,45.02510413,29.24662688,0.168746564,C,1.404
427.2479171,0.511578171,4.041742318,85.44958342,Copper,12.53709901,49.97142195,23.54246003,0.153311087,E,0.924
260.9119219,0.293937739,1.465923375,52.18238438,Aluminium,11.62740036,35.16591378,26.616532,0.165656108,A,1.687
236.6687761,0.320629257,1.132454323,47.33375521,Aluminium,48.78845591,49.54912767,29.9949635,0.17007456,A,1.716
173.0331824,0.341925467,4.791495293,34.60663647,Aluminium,39.16816281,34.6984825,22.63069714,0.142712733,A,1.47
75.36897349,0.812874603,0.143430097,15.0737947,Copper,48.54926594,38.00571224,25.76080879,0.163096309,E,1.587
439.1250693,0.562203213,4.989322193,87.82501386,Brass,24.78832189,22.48952007,26.96437793,0.16297991,B,1.623
415.8054541,0.345742314,3.416424364,83.16109082,Copper,17.52658167,24.48353961,21.64627247,0.164213096,E,0.958
499.872953,0.629817094,4.159499567,99.9745906,Titanium,40.92319387,11.48610488,21.48672564,0.172701934,D,1.368
498.4865767,0.730343141,1.543635042,99.69731534,Copper,19.68142631,42.02375066,24.56307912,0.16061628,E,1.614
299.9442675,0.308992801,0.170144861,59.9888535,Titanium,18.47225182,46.89765639,23.85812522,0.158802182,D,1.768
396.0443368,0.442871646,3.715560641,79.20886737,Copper,15.46276965,33.05471602,27.14215437,0.165410628,E,1.196
475.1445784,0.165791789,4.187308525,95.02891569,Copper,10.83555402,20.46412888,20.69508771,0.170926873,E,1.213
432.3413258,0.222091882,3.728333047,86.46826516,Brass,16.54083775,11.93073464,29.72166624,0.16838877,B,0.922
161.3066458,0.697061961,0.799966408,32.26132916,Titanium,20.98938868,16.93203034,20.14276982,0.166057496,D,1.384
252.7448609,0.22236643,3.791796819,50.54897218,Brass,35.32973937,16.49346894,26.01316824,0.165030021,B,1.125
108.1217368,0.548905214,3.867721632,21.62434736,Steel,7.8154179,32.60875479,25.62632596,0.156431815,C,0.954
479.3229623,0.723593949,3.326848527,95.86459245,Brass,14.47281228,47.52668594,21.34715731,0.169686069,B,1.335
322.7785855,0.151533077,3.853968071,64.5557171,Titanium,41.40606381,7.172234913,21.50915983,0.17057375,D,1.326
152.8892625,0.588946609,4.245015054,30.5778525,Steel,11.61148656,5.046003482,27.92677488,0.163875669,C,1.191
352.265308,0.293734645,3.10666016,70.4530616,Titanium,20.41903159,32.00818749,28.87562458,0.165304028,D,1.587
328.1577082,0.964780531,0.534163098,65.63154164,Copper,43.90965148,17.78272079,22.83016966,0.162676773,E,1.291
211.1732231,0.509368364,2.489376267,42.23464462,Titanium,11.971639,44.62467541,24.37963964,0.172548826,D,1.609
101.1009165,0.815692922,0.48048174,20.2201833,Titanium,8.723157603,19.72626386,23.54995041,0.166669167,D,0.82
352.207938,0.572715215,2.096960852,70.4415876,Titanium,26.80420978,18.03819202,20.72547013,0.168042265,D,1.237
284.1384654,0.091241906,2.094821797,56.82769308,Aluminium,18.60887801,17.12797795,26.73204246,0.1722254,A,1.177
397.5432763,0.651493807,0.423448236,79.50865526,Brass,30.3533764,11.51837723,28.25192935,0.17100424,B,1.333
284.0735755,0.953833175,1.809220616,56.8147151,Aluminium,41.17122007,31.16887134,23.04879357,0.172476065,A,1.702
433.4816751,0.621531229,0.643890684,86.69633503,Brass,11.17168197,12.56961211,29.90175794,0.170824136,B,1.515
298.3580774,0.828229416,4.060352529,59.67161549,Brass,31.1314588,24.10840219,20.75851557,0.171225832,B,1.547
302.4220872,0.88999614,4.743671327,60.48441744,Titanium,27.74789422,25.74374235,26.61790714,0.17146872,D,1.553
444.4941212,0.266675783,0.454350729,88.89882424,Steel,11.48354537,5.92214211,24.48228015,0.1730854,C,1.514
231.5672898,0.251442598,4.780064516,46.31345796,Brass,33.07993185,5.756327592,24.46601901,0.173618647,B,1.502
110.3068528,0.630431939,2.660625337,22.06137056,Aluminium,17.3138188,28.40957099,24.57645616,0.165277862,A,1.618
62.95220434,0.440477046,1.567871822,12.59044087,Copper,26.95254433,36.32156295,22.58681774,0.16870572,E,1.223
389.8117651,0.847868238,0.476624169,77.96235301,Steel,8.702254592,47.3964117,27.15562827,0.170965191,C,1.267
329.1392981,0.905021967,2.553058914,65.82785962,Aluminium,25.68128257,13.06036779,27.21576526,0.174531364,A,1.055
366.8358956,0.38575031,3.993126168,73.36717913,Titanium,18.79085606,9.646646425,22.8239711,0.180549679,D,0.984
145.8338727,0.275027031,3.564723739,29.16677454,Aluminium,42.0071545,7.343955812,28.35306461,0.168786738,A,1.328
111.367164,0.791499239,0.346107456,22.2734328,Steel,7.564042715,24.62187123,23.16844944,0.177536402,C,1.075
56.54509955,0.311065734,0.457218993,11.30901991,Copper,23.83732737,33.04163153,27.25093124,0.170588701,E,0.977
207.7644015,0.831483603,2.074079085,41.55288029,Copper,25.62941409,42.82490105,21.20999768,0.180576308,E,1.52
315.4629591,0.452551341,1.546923421,63.09259182,Brass,37.62527343,35.7190197,21.68701643,0.183575734,B,0.856
226.5098203,0.684172404,1.238683183,45.30196406,Titanium,30.84294088,14.37623551,23.15795645,0.165564236,D,1.325
246.8637149,0.140758548,1.476922045,49.37274298,Brass,35.02455517,25.77966649,25.93873768,0.172962927,B,1.329
456.8714125,0.642666358,4.037065442,91.3742825,Aluminium,39.96721785,45.96558558,26.45511485,0.163133661,A,1.109
206.7149602,0.479179295,4.653217463,41.34299203,Brass,43.79913381,19.70334781,23.96356172,0.166725995,B,1.243
281.2952701,0.60727804,2.085003203,56.25905402,Aluminium,19.12439735,27.44286643,20.77839153,0.167327839,A,1.639
402.6438557,0.209613497,4.53994391,80.52877115,Copper,29.21102174,48.13544006,23.73634652,0.178876086,E,1.072
228.444252,0.750030058,1.675328936,45.68885041,Brass,42.80486353,38.06186025,26.88767516,0.178230964,B,1.076
329.9390151,0.869657224,2.434541233,65.98780302,Aluminium,49.52530089,38.64831735,26.70995461,0.180342559,A,1.382
438.0636689,0.25590281,1.207542089,87.61273379,Titanium,45.028369,16.3550302,21.60196413,0.179666209,D,1.582
477.2842806,0.140928828,3.238332607,95.45685613,Copper,21.71602682,23.66141532,20.0778397,0.179342241,E,1.454
116.1830664,0.072456657,4.897007464,23.23661328,Steel,13.78249327,8.705397339,27.52981617,0.177766492,C,0.946
466.9644313,0.659872925,3.057116171,93.39288626,Brass,27.02266418,32.29366402,21.06368166,0.176843096,B,1.304
271.4523319,0.626739334,1.853289012,54.29046638,Brass,38.37386533,9.667857404,20.82349144,0.182885776,B,1.157
166.2099747,0.569362542,3.274305485,33.24199495,Steel,27.16560818,42.6159312,20.02701217,0.178139468,C,1.294
256.6110903,0.270349741,0.702311324,51.32221806,Titanium,26.74313885,41.65492042,24.32601326,0.180994263,D,1.193
491.0146589,0.421360696,4.454429493,98.20293178,Steel,42.72036895,29.01222955,25.03263901,0.167007232,C,1.305
271.6781423,0.614752518,2.565111359,54.33562846,Aluminium,21.26317006,11.35247149,26.37664046,0.173073604,A,1.287
197.9382246,0.521928516,2.301813736,39.58764493,Brass,43.69076037,6.151054244,22.96063841,0.184140361,B,1.692
335.0303844,0.988396244,2.970737463,67.00607689,Aluminium,23.30621604,40.85189004,27.10424716,0.176187355,A,1.187
158.0655285,0.179617765,3.161440928,31.61310569,Titanium,19.77048976,32.00632174,21.69331857,0.172843032,D,1.217
84.13849765,0.710387326,0.451701451,16.82769953,Copper,25.429546,36.99183365,28.31990053,0.183316572,E,0.928
107.9958749,0.43410283,3.444824384,21.59917497,Brass,39.31011314,18.67132066,25.71848329,0.180407072,B,1.507
107.6206275,0.456789634,1.285465234,21.52412551,Copper,10.67009125,27.9267232,25.83889823,0.178655995,E,1.189
118.3562121,0.731717877,3.598367899,23.67124242,Brass,13.83886471,38.62283767,22.09775414,0.188526536,B,1.004
112.4722277,0.707814344,4.130420492,22.49444554,Titanium,47.81501715,25.81534887,20.74108749,0.187958442,D,1.359
338.3936352,0.991693194,4.039396687,67.67872703,Copper,12.89712323,32.06229002,24.64724803,0.180622376,E,1.575
131.846038,0.171974575,2.80725474,26.3692076,Brass,30.54772931,40.53777178,26.15611952,0.185463728,B,1.323
205.5502775,0.148904167,2.648832472,41.1100555,Brass,31.069151,14.68492904,20.95046459,0.170948623,B,1.235
453.5547845,0.738121876,0.800092211,90.71095689,Titanium,27.03310079,7.966800021,29.50534475,0.187899228,D,1.035
263.2827381,0.599467571,3.899196137,52.65654762,Copper,34.01353619,28.93205799,29.8041436,0.17728979,E,1.409
350.4009823,0.310452633,1.429905964,70.08019647,Brass,15.34220266,7.795659682,25.45456695,0.175752303,B,1.114
127.543942,0.125448401,2.533807572,25.50878841,Titanium,29.86980205,39.49507825,29.50069155,0.174376978,D,1.258
136.5300585,0.131375337,1.492943055,27.30601169,Titanium,21.74779649,37.36451514,21.79445238,0.174280834,D,1.672
68.39087732,0.899481331,0.755758979,13.67817546,Steel,34.77502668,44.67707022,20.25420685,0.189285512,C,1.475
126.0207784,0.232273958,3.184832715,25.20415568,Titanium,11.35505945,33.78029441,20.39409535,0.187329898,D,1.413
175.3656526,0.357202984,0.366226971,35.07313051,Titanium,30.68948376,8.023890684,25.87512479,0.180635166,D,1.619
129.6547179,0.265323582,3.768361647,25.93094358,Steel,13.33716599,16.39184565,20.61641883,0.18902925,C,1.139
89.91614019,0.387246491,1.656175297,17.98322804,Copper,17.53893784,41.35693301,29.58545607,0.182070138,E,1.132
104.286142,0.115952651,0.100659996,20.8572284,Titanium,14.84194101,12.52095878,21.41933211,0.186953583,D,1.581
257.3504456,0.543106801,2.604532782,51.47008912,Brass,13.22770009,36.43162105,23.04722806,0.18321408,B,1.8
142.8501733,0.114231935,0.329574352,28.57003466,Steel,42.15699282,40.11166989,28.22517802,0.1853161,C,1.152
213.9214375,0.810338682,1.453230833,42.78428749,Copper,17.85684054,19.8550309,22.18740323,0.181665222,E,1.118
276.5377719,0.272026478,3.564184789,55.30755438,Aluminium,46.72057018,19.5033863,22.42968458,0.182697408,A,1.046
360.6776729,0.563011319,0.407179146,72.13553458,Titanium,48.64669364,30.10112065,26.42308956,0.189507268,D,1.333
67.69046293,0.886075133,4.212758613,13.53809259,Brass,30.70672115,43.75788497,22.76086088,0.190600972,B,1.06
409.7346795,0.668333501,0.118717621,81.9469359,Steel,11.43505052,15.07577909,22.17447634,0.185296747,C,1.144
332.5551753,0.556309897,1.309436959,66.51103505,Copper,21.85467095,47.35661882,22.54177714,0.180029956,E,1.492
86.79156438,0.358117065,3.730429875,17.35831288,Brass,40.89795185,31.96034082,24.90647499,0.200304183,B,1.282
443.1103808,0.366351817,1.649723734,88.62207617,Copper,21.53258279,49.64569121,29.66099873,0.188421722,E,1.268
464.3925802,0.686012607,0.599272702,92.87851605,Aluminium,8.915774824,9.03261758,28.32237942,0.190089233,A,1.234
77.48508193,0.994432393,1.865146202,15.49701639,Steel,30.05532099,10.69529614,22.84610265,0.18251217,C,1.227
174.5949417,0.67874723,1.424927103,34.91898833,Copper,43.03043832,42.19888117,23.63373208,0.195185277,E,0.98
412.7905759,0.579894247,4.229288321,82.55811518,Steel,40.81668742,43.9140153,24.64512251,0.196238876,C,1.412
386.7168607,0.744117985,1.635404796,77.34337213,Aluminium,12.88054131,25.04564098,29.78929647,0.181149515,A,1.312
133.0344587,0.491945332,3.965769112,26.60689174,Steel,35.27440765,37.13320293,21.72390468,0.189468052,C,0.902
144.2071955,0.107135225,4.47017351,28.8414391,Brass,14.92269185,44.04007794,23.57483103,0.189368085,B,1.621
216.7124463,0.584181975,2.225705356,43.34248925,Aluminium,14.81933905,6.94075047,27.29426094,0.202502795,A,1.089
268.0353433,0.95974402,4.558721405,53.60706867,Copper,44.3332298,30.82776903,29.63943734,0.19806892,E,1.406
328.2146472,0.216537795,1.948858464,65.64292944,Titanium,16.23510287,43.40662999,21.55675213,0.183887249,D,1.259
216.0111378,0.705504646,4.823984241,43.20222756,Copper,16.84613059,22.91697251,22.27379954,0.187791171,E,0.981
258.1406223,0.240887004,0.53751867,51.62812445,Steel,5.029402584,18.60726228,22.25694674,0.187256752,C,1.077
386.3619222,0.5590363,3.466394406,77.27238443,Copper,44.18010654,40.80680083,20.20932029,0.193870394,E,1.828
66.5074413,0.141842627,2.519688798,13.30148826,Titanium,40.66676659,20.11039626,26.04115625,0.200163347,D,1.015
163.596625,0.477852389,1.999479147,32.71932499,Brass,33.22980208,5.142843418,26.70703074,0.193138463,B,1.156
371.0073136,0.768355162,3.200288206,74.20146273,Aluminium,38.76195938,48.18076644,26.0252589,0.195388714,A,1.516
452.843077,0.380192948,3.548899749,90.56861539,Titanium,11.84218553,31.64554564,20.71322989,0.18985163,D,1.528
280.254849,0.681666138,0.121380021,56.05096979,Titanium,25.62456176,41.87830634,20.69230126,0.195942502,D,1.766
289.4510684,0.805677463,0.918070135,57.89021367,Copper,20.80487243,42.13857031,22.10386554,0.191394165,E,1.092
98.2274051,0.930818929,3.593925648,19.64548102,Steel,9.219943682,7.988468917,22.90294516,0.185840246,C,1.322
251.3355651,0.272909978,3.365288527,50.26711301,Brass,26.87587183,12.68870897,27.86543656,0.196488688,B,1.474
289.6777699,0.42935012,4.833632775,57.93555398,Aluminium,46.43328427,19.00043063,21.59390266,0.194575363,A,1.529
159.1117266,0.194795213,3.829085172,31.82234533,Aluminium,6.802660357,19.43146783,20.44092216,0.189428927,A,1.629
171.1594539,0.992859327,4.758786268,34.23189079,Copper,18.11574111,34.6453753,23.93987508,0.203432132,E,0.932
219.7778734,0.93065092,3.542448458,43.95557468,Brass,14.33934213,33.04098143,24.1639217,0.191663226,B,1.661
59.032039,0.562959274,1.560455822,11.8064078,Brass,15.71659941,27.25654001,24.50907338,0.198831292,B,1.352
194.9356245,0.84993163,0.616288119,38.9871249,Titanium,45.87955483,14.50686795,28.26903544,0.194263335,D,1.36
145.1516031,0.544910078,3.93093693,29.03032063,Aluminium,26.06310744,22.18925614,20.98005415,0.204084252,A,1.521
197.3738085,0.642406404,3.256331185,39.4747617,Brass,25.98347358,29.46172858,27.03942082,0.195468717,B,1.501
103.8929593,0.134668211,0.336111461,20.77859186,Titanium,39.22590391,26.05934147,23.37945571,0.188573807,D,1.485
450.7372763,0.767506899,1.864247283,90.14745527,Copper,11.95214918,10.72816399,23.09980136,0.201287248,E,1.412
317.1166041,0.171327809,4.788319096,63.42332082,Brass,26.92694093,34.22797221,29.32543126,0.205225247,B,1.238
355.5960436,0.834764249,2.551965614,71.11920872,Aluminium,24.34933464,8.287329956,22.48468524,0.195679761,A,0.905
405.1270574,0.792926683,2.220372766,81.02541147,Titanium,31.86098107,22.01876074,26.42531835,0.201502532,D,1.375
274.2989895,0.723307463,2.342728065,54.8597979,Brass,49.98009665,36.95132065,22.75127757,0.199045556,B,1.445
89.11412964,0.084352361,1.123525348,17.82282593,Copper,39.62520023,5.901059053,25.07143883,0.196775109,E,1.911
291.6979438,0.337971938,1.906665137,58.33958876,Copper,22.90395664,30.64922686,27.86292893,0.203182781,E,1.849
314.0785031,0.299956941,1.912084954,62.81570062,Aluminium,42.23988735,20.05344384,28.81722524,0.195269089,A,1.349
385.4477634,0.392129587,0.356539599,77.08955268,Titanium,12.68187635,5.397432954,28.3869724,0.199722036,D,1.327
244.2467958,0.133260609,3.86108138,48.84935916,Brass,6.370865884,13.5672472,25.82180736,0.201136633,B,1.408
107.4111363,0.940109932,2.140871716,21.48222725,Titanium,14.20017676,47.3425787,22.48816315,0.201245587,D,1.088
177.6991576,0.576112129,4.128681445,35.53983152,Copper,20.31852003,28.45170075,26.61233383,0.196553397,E,1.717
213.3870334,0.340248095,4.266705205,42.67740668,Aluminium,27.97613409,49.87522421,27.09905046,0.211018747,A,1.672
340.6627586,0.427132441,1.138770868,68.13255172,Copper,32.68081132,28.61675377,20.1069199,0.207322238,E,1.401
306.8502371,0.474842413,3.321032063,61.37004742,Copper,45.97725727,29.47713855,24.39210511,0.206253364,E,1.541
210.2435267,0.620564617,2.41418084,42.04870533,Aluminium,27.94343043,22.63293558,28.43262043,0.208757656,A,1.434
493.931862,0.539895456,4.412768016,98.78637239,Titanium,27.55740401,18.95181884,24.89587596,0.20222569,D,1.615
322.5986687,0.923422375,1.157129328,64.51973374,Copper,7.260935442,16.31954989,23.11375442,0.200315721,E,1.032
156.7520563,0.522115309,3.421284682,31.35041126,Brass,6.57101987,20.45392773,28.71797771,0.197017284,B,0.987
95.80211268,0.992550114,3.077985399,19.16042254,Brass,29.80219829,25.69329864,21.55880698,0.199235595,B,1.149
118.7866126,0.85885371,1.54697724,23.75732253,Aluminium,24.7180376,13.63963776,22.06445232,0.197972926,A,1.206
160.6809778,0.248084989,0.769344428,32.13619555,Brass,42.76311777,15.11937913,26.87372367,0.200692806,B,1.557
122.306618,0.934065454,3.293034826,24.46132359,Steel,12.23058131,17.21951459,23.52435942,0.205006002,C,0.909
133.9551608,0.160548078,3.719127545,26.79103216,Copper,6.123724795,25.21669514,27.13016836,0.208484038,E,1.858
178.2928259,0.826577223,1.646573984,35.65856518,Steel,25.20674456,34.37660151,21.57703621,0.208635972,C,1.44
128.0181179,0.411592129,3.25967976,25.60362358,Steel,15.68653505,43.52657676,22.5226909,0.198636956,C,1.64
453.5444411,0.884075604,2.036141447,90.70888822,Brass,7.2326468,17.92093267,21.56647378,0.208230431,B,1.751
86.10518555,0.874653856,3.594713728,17.22103711,Titanium,37.60692291,13.26777532,29.52910314,0.210794362,D,1.227
286.0301253,0.81562913,1.076154847,57.20602506,Copper,10.021685,22.04813592,24.05403961,0.20409419,E,1.381
234.6785721,0.800528914,4.462053513,46.93571443,Copper,32.3743775,45.24723844,23.3721991,0.211644406,E,1.287
492.0703776,0.339445182,1.508307023,98.41407552,Steel,17.64723876,5.443732775,20.14202156,0.210324947,C,1.529
100.417506,0.126873319,1.90215134,20.0835012,Aluminium,12.80732227,35.50408772,21.53417579,0.199913282,A,1.44
229.0350196,0.43283117,0.384650565,45.80700391,Aluminium,22.08881853,26.47220209,24.21135856,0.217485207,A,1.224
486.261695,0.214848289,0.64640984,97.25233899,Steel,41.06505993,12.24707967,20.68502793,0.203238579,C,1.188
439.4782067,0.710203534,2.627723323,87.89564133,Copper,22.64421096,19.44596868,25.1073933,0.211894207,E,1.362
417.6824319,0.37879474,1.411204116,83.53648639,Aluminium,38.78463421,15.12275197,24.55015438,0.212003507,A,0.857
166.0562722,0.976829691,4.193853106,33.21125443,Brass,10.64688336,44.50244756,27.6716814,0.201567628,B,1.579
126.8994143,0.658923473,0.171997604,25.37988287,Steel,39.77471388,26.68430228,26.59802701,0.208872875,C,1.499
350.889449,0.831356535,1.957560838,70.17788979,Steel,15.66199962,30.3392425,24.45947305,0.21281285,C,1.238
468.2191951,0.175898439,1.752993179,93.64383902,Aluminium,35.48269084,31.71594287,22.246607,0.202385492,A,1.41
300.5433019,0.868913758,0.194705391,60.10866037,Aluminium,30.46016997,33.78277061,27.26863566,0.20934693,A,1.34
307.2257103,0.926619331,0.709405155,61.44514205,Copper,46.81151227,27.30000607,27.07862103,0.214102504,E,1.135
175.9905921,0.512708823,2.126849107,35.19811843,Steel,22.42951331,5.804308888,21.53296161,0.214715632,C,1.352
396.2718199,0.625940291,2.515036464,79.25436399,Copper,7.977433498,20.06252091,29.14751831,0.207734355,E,1.602
134.1696869,0.776569311,2.081019762,26.83393737,Aluminium,5.86199685,13.27429583,20.64405116,0.217731856,A,1.445
195.6556564,0.216096696,2.701594624,39.13113128,Steel,42.20863524,35.60642793,20.55037709,0.216827911,C,1.201
241.4463974,0.527437773,3.016145207,48.28927948,Copper,28.61310369,7.551709312,21.87350418,0.21179673,E,0.942
278.4246704,0.428729876,0.148626724,55.68493408,Copper,39.88598233,30.3711526,29.09460798,0.207586124,E,0.882
159.0843796,0.189055293,2.374066281,31.81687592,Copper,15.549152,14.4784275,25.19998124,0.205341912,E,1.601
101.6765711,0.399157701,4.82114628,20.33531423,Aluminium,20.52876855,47.69806273,27.87940921,0.21334919,A,1.137
324.7790191,0.114763694,2.643258173,64.95580382,Steel,6.35467425,20.0993424,22.27843188,0.219074315,C,1.492
179.883749,0.074521312,3.419957111,35.97674979,Aluminium,48.26715461,19.63495361,24.90221975,0.211306279,A,0.992
311.5571996,0.178407975,1.628132904,62.31143993,Aluminium,35.0540558,46.55231006,23.58289464,0.208036923,A,1.46
119.4632219,0.964959356,3.892557753,23.89264437,Brass,46.99422895,23.78065641,28.27828607,0.216747242,B,1.374
266.5130458,0.572053059,3.887315261,53.30260917,Steel,16.94733833,48.32880504,20.22604439,0.213785475,C,0.878
289.6652446,0.967531053,2.654350634,57.93304893,Titanium,32.51586251,6.087665846,22.4384273,0.215782728,D,1.508
73.32059157,0.460872984,4.882467734,14.66411831,Steel,35.53249857,18.78550588,21.52574224,0.2108671,C,1.424
201.4719252,0.346225326,0.715196052,40.29438504,Copper,19.28973651,34.97868321,28.59189039,0.211934528,E,1.58
110.4866046,0.53083477,0.183043558,22.09732092,Copper,43.16491558,45.0885634,24.6754385,0.211424096,E,1.516
78.51873671,0.467536104,3.873775238,15.70374734,Steel,47.62226583,16.53825169,24.04220044,0.21686021,C,1.74
495.4821046,0.15038145,4.055062133,99.09642092,Aluminium,44.8184803,46.87149164,24.49482762,0.212957676,A,1.672
195.0592302,0.658784999,0.689015423,39.01184605,Brass,38.25801392,31.73546599,29.71924551,0.217907067,B,1.358
414.4435006,0.255236273,1.401355881,82.88870013,Steel,17.48591059,41.04537094,28.50267394,0.212128377,C,1.509
164.5882946,0.638608557,0.18600658,32.91765893,Steel,17.67272189,22.87432869,27.06368772,0.218013033,C,1.664
356.676225,0.667691038,1.537212193,71.335245,Copper,48.35121442,14.54811722,22.90478959,0.219334722,E,1.103
392.102537,0.19442361,3.888395182,78.42050739,Steel,5.462802317,46.0055937,21.65173,0.217763821,C,1.802
318.0374333,0.108282146,2.638006586,63.60748665,Aluminium,37.2222488,46.99111408,29.21433629,0.220981614,A,1.462
262.2092848,0.791723507,1.805668407,52.44185697,Steel,36.78107731,27.39088149,24.23075523,0.214279404,C,1.408
235.3284114,0.486810403,1.921522545,47.06568227,Aluminium,33.02102934,5.29227572,22.78755799,0.220440188,A,1.689
206.9907199,0.105255606,0.106632766,41.39814399,Brass,49.55489807,9.940232915,24.70920826,0.218433994,B,1.365
468.2881149,0.995123001,1.569022585,93.65762298,Aluminium,19.03457461,30.78625821,29.17847423,0.213508888,A,1.454
423.7787335,0.104891533,3.267647834,84.7557467,Aluminium,20.29873387,6.069951604,23.87067313,0.208312688,A,1.022
484.2621098,0.710283467,4.873552775,96.85242196,Brass,8.552273133,22.86103658,25.62640997,0.209672337,B,1.091
105.9337506,0.984494979,4.250598052,21.18675011,Steel,24.92591614,18.65164755,28.02966301,0.207386621,C,1.895
378.8903638,0.277221099,0.215615327,75.77807277,Brass,16.74718368,37.14567239,24.27132531,0.220849365,B,1.896
472.2532056,0.1851369,4.502946963,94.45064111,Brass,20.4524016,7.501040283,22.33541802,0.217385164,B,1.042
131.5548798,0.165315692,3.937672225,26.31097595,Steel,42.55573056,26.9929071,29.94525748,0.219735361,C,1.18
79.92332032,0.33811139,3.923843005,15.98466406,Copper,47.09680311,31.06014214,29.56570857,0.218687582,E,1.1
383.5042922,0.14599352,2.344179219,76.70085844,Steel,13.35798824,32.77809842,28.43479169,0.22278823,C,1.044
308.5129009,0.707553275,2.050225935,61.70258019,Steel,21.76290192,23.23209524,26.88373879,0.223224732,C,1.701
428.8229495,0.109177208,1.584287071,85.76458991,Aluminium,46.7883753,18.69655025,22.94865628,0.220674965,A,1.722
112.8975695,0.533951022,0.421904809,22.5795139,Steel,7.781380731,35.71218652,29.13412938,0.221267853,C,1.207
407.8702903,0.996862011,1.218353281,81.57405807,Titanium,9.156223765,43.14060716,22.7555667,0.221757864,D,1.654
140.732294,0.823271756,1.308357811,28.1464588,Titanium,12.32559451,36.2127937,28.00809495,0.228290246,D,1.224
123.6451743,0.634458466,2.471977642,24.72903486,Steel,31.78457754,46.94460645,29.18258168,0.211598629,C,0.945
123.9196091,0.34094094,3.762477592,24.78392181,Aluminium,11.7712522,37.27685864,26.0300384,0.218559307,A,1.642
416.5586241,0.642701044,2.421668159,83.31172482,Copper,48.56343717,39.40784303,28.03056218,0.226528509,E,1.66
349.3387493,0.550689391,0.383437802,69.86774986,Copper,25.10215373,12.55564385,27.91695099,0.228032005,E,1.726
285.3794411,0.454779215,4.793170025,57.07588823,Steel,27.56830822,23.879284,21.93157751,0.224918783,C,1.304
211.4737179,0.174174858,4.719349164,42.29474357,Steel,16.09963771,26.82748989,26.67924474,0.222152438,C,1.633
444.7402434,0.892274004,3.947428761,88.94804867,Copper,26.19321136,16.5331923,20.93467937,0.232671162,E,1.57
226.6002983,0.477295416,4.957506718,45.32005967,Aluminium,34.78611347,28.78429372,25.07850143,0.224542712,A,1.819
417.4697478,0.234891386,2.767963431,83.49394955,Titanium,38.80297116,18.08563749,21.62235548,0.224097874,D,1.1
247.6107089,0.399371383,4.817564916,49.52214177,Steel,38.92406372,35.93759418,24.16349499,0.230893161,C,1.253
219.6249932,0.443423265,0.470464699,43.92499865,Aluminium,31.00510007,26.16298145,28.32982075,0.22690228,A,1.047
258.2059036,0.836161001,1.891835666,51.64118071,Aluminium,45.69618987,25.64631294,29.8716784,0.229513966,A,1.159
185.6200434,0.746933662,1.204368213,37.12400867,Copper,41.78335313,49.2639139,23.17959832,0.230389967,E,1.229
386.4242211,0.780839649,1.059582112,77.28484422,Aluminium,39.06716516,22.66001818,25.31955699,0.223533037,A,1.299
276.2241755,0.060479701,0.78993445,55.24483511,Aluminium,7.502248476,21.30329447,25.11298024,0.234524345,A,1.198
154.4957128,0.445346298,3.149826844,30.89914256,Titanium,5.3095083,19.33719671,29.5440151,0.213665375,D,1.695
454.808558,0.507276944,3.928477093,90.96171159,Copper,14.56012747,45.26371494,24.78583732,0.216367982,E,1.474
222.7510496,0.068232663,2.933662157,44.55020992,Steel,34.85856173,27.35257217,26.99106205,0.223155483,C,1.183
294.5987875,0.296822548,0.820117277,58.9197575,Aluminium,23.503887,32.00065149,29.21789233,0.224730044,A,1.724
457.9124499,0.772275332,4.074506473,91.58248999,Steel,23.10828167,13.13683156,23.7337856,0.228950261,C,1.377
330.9070982,0.18025422,3.216178065,66.18141963,Brass,44.80640997,29.3424062,29.02122238,0.223980205,B,1.59
102.6041183,0.558544625,2.00201196,20.52082366,Steel,45.30032817,17.35916868,29.17456222,0.227658126,C,1.954
472.9244556,0.254441778,3.403238448,94.58489113,Steel,45.91288688,37.87866146,29.30662504,0.226982295,C,1.456
332.4686239,0.061514736,1.373534398,66.49372478,Steel,19.12451344,42.4637757,22.70446185,0.238320624,C,1.344
200.7075266,0.279141385,1.791441822,40.14150532,Titanium,36.09751157,37.16648115,24.00355594,0.22456371,D,1.201
112.6724327,0.977080067,4.595680631,22.53448654,Steel,17.22349316,37.86098748,28.70395908,0.220463656,C,1.534
407.3113352,0.811460256,1.523472078,81.46226703,Steel,13.57744249,28.06136169,23.59161824,0.23476417,C,1.057
329.0327402,0.961597812,2.402942514,65.80654803,Aluminium,13.30846058,37.04531254,26.00253033,0.225889677,A,1.273
290.0574914,0.513461342,4.461691573,58.01149828,Brass,20.39484294,24.0209121,21.18054507,0.229291433,B,1.063
452.2516624,0.154249389,3.567834616,90.45033247,Aluminium,24.34809289,34.31701191,20.56274988,0.226809163,A,1.48
404.8687451,0.570561515,0.404795808,80.97374901,Brass,42.3927127,16.65676446,24.11993989,0.234016211,B,1.454
118.2536959,0.481658468,0.821784917,23.65073918,Brass,10.39509921,8.139065554,25.78916533,0.223749248,B,1.365
190.2749305,0.852139229,0.138423795,38.0549861,Brass,38.07166313,23.60629689,23.92699113,0.216914952,B,0.943
161.8201129,0.143178452,3.191516772,32.36402258,Brass,28.91547114,25.78001701,25.7773577,0.237679783,B,1.327
384.7758317,0.51382908,2.293599785,76.95516633,Brass,17.95754042,16.53832212,25.15084376,0.232728846,B,1.239
65.08959563,0.192546231,0.757946769,13.01791913,Aluminium,27.1768813,37.74692833,26.85707229,0.237145004,A,1.168
306.4503582,0.358442131,4.793877193,61.29007164,Titanium,18.49739314,8.309771554,26.49532431,0.238383132,D,1.31
393.1064086,0.750489224,2.695332647,78.62128172,Titanium,31.82368799,15.0236746,24.24245703,0.227780031,D,1.196
444.5445365,0.502217223,1.285277141,88.90890731,Aluminium,24.52297653,38.68541233,24.2499524,0.232955978,A,1.248
203.9367869,0.407093871,2.552957499,40.78735738,Steel,12.39824881,24.67059232,21.4077834,0.235469885,C,1.64
419.5657871,0.424752465,3.43013963,83.91315742,Steel,10.24623836,36.73776308,25.13238572,0.232691773,C,1.303
99.78428163,0.48647443,0.473572168,19.95685633,Steel,29.60130569,30.5368645,25.87179128,0.231962767,C,1.376
430.9035313,0.795765717,1.446048694,86.18070626,Steel,45.6085865,47.78207375,24.76489397,0.232745558,C,1.168
107.369898,0.897480454,4.054130905,21.47397961,Copper,20.4780959,31.90081247,23.25707335,0.239521818,E,1.472
228.7792808,0.957567952,2.352357865,45.75585615,Copper,37.98500483,5.669103846,27.21648544,0.233099333,E,1.426
408.7829146,0.797558217,2.778227996,81.75658292,Copper,34.63976097,20.87948077,20.74661645,0.237685832,E,1.06
117.4628423,0.349636551,2.220798411,23.49256846,Copper,46.91997114,11.4377307,29.1444037,0.236709439,E,1.445
153.1631279,0.703727971,0.315109719,30.63262557,Titanium,41.94414578,46.60851549,20.2064344,0.23044435,D,1.48
375.0136558,0.465722968,0.912173921,75.00273116,Brass,30.49723665,9.680560443,29.62350133,0.237065403,B,1.258
374.0164414,0.291937091,2.28315403,74.80328829,Brass,34.56637242,22.44679984,24.62355601,0.22815249,B,0.953
338.5164348,0.848828,1.12500878,67.70328696,Copper,45.427391,15.17446371,24.12669944,0.238143302,E,1.931
362.2768,0.086505032,0.34489724,72.45536,Brass,22.97834531,43.10248957,22.56444017,0.240882012,B,1.039
294.2259995,0.906673893,4.233883354,58.8451999,Titanium,19.70576176,18.88549239,20.10071135,0.242323787,D,1.144
163.3095765,0.488403591,4.907843393,32.6619153,Brass,5.486498764,49.63520674,22.74790264,0.232243556,B,1.28
205.5631971,0.655341403,3.986400083,41.11263942,Aluminium,42.19479834,6.737747253,21.09399925,0.234616527,A,1.641
131.7189726,0.676386226,4.283546116,26.34379451,Aluminium,41.04413152,10.77245476,26.59820843,0.239007914,A,1.261
458.8027526,0.900361854,1.285687939,91.76055052,Titanium,9.700453315,15.10874494,23.19074972,0.235498254,D,1.228
312.5263076,0.654836198,4.80707218,62.50526153,Aluminium,30.95858215,41.49977181,27.67179328,0.228523783,A,1.683
230.3831375,0.633236906,1.064935952,46.07662751,Titanium,25.87917642,44.53327441,22.06916187,0.235749976,D,1.341
257.9026116,0.113319439,4.762006071,51.58052233,Titanium,10.3419093,8.215312127,29.00234857,0.240149757,D,1.032
476.2775028,0.542487621,4.97461454,95.25550057,Brass,49.12557022,6.460706379,25.22981515,0.244376681,B,1.297
119.0081314,0.192660551,3.587441748,23.80162628,Copper,14.66131494,38.50505857,21.14506196,0.247775372,E,0.865
313.8034244,0.75056208,4.907604286,62.76068488,Steel,8.025538104,11.0008403,24.00845236,0.240244359,C,1.449
277.6499055,0.536610825,2.89074492,55.5299811,Titanium,31.76813208,10.98493642,22.06760524,0.242742382,D,1.653
325.1544059,0.69621639,1.371754738,65.03088119,Steel,38.24900047,6.006494052,21.99685426,0.24500412,C,1.388
58.14958272,0.089589256,2.24127984,11.62991654,Brass,6.459955072,7.241354491,25.06369738,0.230237693,B,1.345
442.455759,0.130552415,3.008448583,88.4911518,Aluminium,34.64229374,16.86539564,26.71892016,0.2356847,A,1.347
469.4532271,0.730507219,0.458099654,93.89064542,Copper,28.95313442,7.925247023,29.11618206,0.241583882,E,1.536
304.3099326,0.118480119,3.149481997,60.86198652,Titanium,9.646925399,21.59955912,25.02162011,0.249141086,D,1.907
363.4928707,0.117693891,4.9077714,72.69857415,Titanium,12.76357446,42.47487641,29.65838775,0.244800455,D,1.67
465.1247215,0.061503051,1.031527484,93.02494431,Aluminium,30.55884338,19.68441158,29.41634852,0.24359044,A,1.174
368.2573854,0.958676328,3.98371607,73.65147709,Copper,18.33609261,37.75253732,28.6506253,0.241091672,E,1.518
118.6425693,0.750632941,4.54870409,23.72851386,Copper,47.22420779,9.225948417,24.99977265,0.244656493,E,1.418
309.3297621,0.385588838,4.724137805,61.86595242,Steel,41.84331033,34.67188343,21.40903944,0.23983061,C,1.671
323.0217709,0.331708802,4.804664462,64.60435417,Copper,49.26052429,19.25362325,22.1790447,0.239203957,E,1.774
240.8588021,0.382218068,2.65515223,48.17176042,Titanium,16.68518775,38.73887954,26.47670003,0.239928708,D,1.502
381.399906,0.785920855,4.888808749,76.27998121,Copper,48.63756348,11.13134063,24.2175498,0.250386091,E,1.552
470.4651566,0.678302081,3.810820015,94.09303133,Aluminium,24.40552414,45.404752,21.46801632,0.239772714,A,1.508
466.5058308,0.225935789,0.892190038,93.30116616,Copper,20.63834579,15.91597413,24.78993934,0.242270379,E,0.985
252.8777171,0.215403869,2.436810522,50.57554343,Titanium,7.265728714,20.8912007,20.17430546,0.246909611,D,1.138
100.9571206,0.143475867,3.619822759,20.19142413,Brass,7.374436604,47.75813199,27.33895371,0.240443921,B,1.344
493.1785395,0.677287584,1.311967548,98.63570791,Titanium,36.14050652,31.03170619,20.73581294,0.246265955,D,1.321
427.5041389,0.776154029,3.239014399,85.50082778,Titanium,25.60680475,21.45971835,26.2911362,0.246554446,D,1.856
106.0982065,0.301794107,3.366342347,21.21964131,Brass,15.19347317,47.73209662,27.93010308,0.242593445,B,1.32
464.3788472,0.069897713,0.897228745,92.87576944,Brass,32.62866378,19.80848376,21.32643874,0.244712105,B,1.148
441.4533629,0.128063084,2.868918031,88.29067259,Titanium,16.37861532,9.26918207,25.18638691,0.241578415,D,1.723
283.4771257,0.969467033,3.880971864,56.69542514,Titanium,30.99342895,49.85819995,27.79067514,0.253500417,D,1.493
316.0739461,0.330672539,2.544588756,63.21478922,Brass,21.16439361,17.05302143,22.60633455,0.248164846,B,1.775
229.5512167,0.78076199,0.159305272,45.91024335,Titanium,42.0598502,43.30660319,21.62916593,0.241923952,D,1.405
74.64273747,0.64343039,0.144288498,14.92854749,Copper,41.93132723,12.44933577,23.36819111,0.248089048,E,1.261
200.8387587,0.412842658,1.849443785,40.16775175,Aluminium,26.48076792,37.91092873,25.54699177,0.248605719,A,1.687
411.2840519,0.245402899,4.638350935,82.25681037,Steel,20.78685992,28.60022275,25.75279595,0.236821839,C,1.707
52.08441035,0.165317097,1.22051622,10.41688207,Titanium,21.31519085,49.14079512,21.30876333,0.255030549,D,1.543
200.0746273,0.63426232,3.208382075,40.01492545,Titanium,41.25715366,29.87736602,24.57568848,0.243670578,D,1.169
229.1759121,0.785902092,1.188171766,45.83518242,Copper,19.76807673,6.125681835,22.68282196,0.259359982,E,1.656
291.8280213,0.661709041,1.676182949,58.36560426,Aluminium,14.40767182,32.17450953,28.42024218,0.253175653,A,1.265
463.9350274,0.553787027,4.255406239,92.78700548,Titanium,8.810975384,11.53924054,23.13575132,0.243855341,D,1.432
205.8556975,0.089853662,3.671421067,41.17113949,Titanium,26.00119044,40.93434119,28.38704525,0.248208527,D,1.082
206.1289409,0.970064339,0.567456459,41.22578817,Titanium,26.69594445,43.54556884,24.28564613,0.254683161,D,1.302
381.8755616,0.808778482,2.200639903,76.37511233,Aluminium,42.84089197,26.69420835,27.26585766,0.249171597,A,1.255
253.4980734,0.328180935,0.242931842,50.69961468,Aluminium,14.95574134,40.24496557,25.10060229,0.256541837,A,1.279
151.0721703,0.980971813,2.456361718,30.21443406,Steel,22.14460732,11.5299831,26.21962624,0.249060597,C,1.445
253.5977823,0.62178751,3.345926657,50.71955645,Copper,41.37825825,27.14351839,23.95356511,0.250837905,E,0.827
113.3856592,0.603301525,0.680662856,22.67713183,Copper,42.06306248,22.72749191,27.68206768,0.256272272,E,0.95
129.3741439,0.76066952,1.515536201,25.87482879,Brass,22.30749842,32.50928242,24.25189384,0.254828767,B,1.568
274.2654977,0.821181299,2.049399465,54.85309955,Copper,25.66058105,7.001473496,24.57461647,0.247475965,E,1.739
238.5164523,0.673654677,4.605702021,47.70329046,Aluminium,18.64786509,38.84552772,25.17678668,0.254562651,A,1.052
461.6806555,0.171690959,4.966949576,92.3361311,Brass,46.96496953,8.560818026,28.31824118,0.253519923,B,1.578
213.0772546,0.371354131,0.320065365,42.61545092,Titanium,10.33896946,34.54121829,26.59378929,0.248414306,D,1.271
311.2647576,0.931679458,3.828938825,62.25295153,Brass,47.01872404,5.830575149,23.49160387,0.246310878,B,1.121
334.5189296,0.263384831,1.921447925,66.90378591,Aluminium,35.77399033,42.43496287,26.70319634,0.243896635,A,1.73
55.89250546,0.403558673,2.023045113,11.17850109,Aluminium,28.92074687,12.86148336,26.42426573,0.252371723,A,1.896
348.5918174,0.460473039,3.795898369,69.71836348,Steel,6.469657735,28.19738642,29.31019276,0.253864101,C,1.278
130.1161851,0.46743474,4.600289518,26.02323702,Steel,26.40182863,16.76718067,28.41416436,0.256947315,C,1.225
482.4816429,0.632292603,4.759550113,96.49632857,Brass,23.34866473,37.51912409,26.47446924,0.258817108,B,1.398
116.8982275,0.945922046,2.927900672,23.3796455,Steel,12.25484654,19.46079951,23.41507111,0.252935711,C,1.149
236.5808557,0.278658076,1.849893681,47.31617114,Brass,34.53843216,37.60741371,27.79576449,0.254879939,B,1.573
88.40735064,0.165426307,3.958990521,17.68147013,Copper,48.70179083,17.81920431,25.75208293,0.251791974,E,0.998
498.5934133,0.237596965,1.329906778,99.71868267,Titanium,30.2984965,38.86128909,29.85269988,0.256312068,D,0.99
275.9877546,0.892578655,2.863962741,55.19755093,Copper,37.16389744,6.377247335,22.47506129,0.26100871,E,1.355
317.9232578,0.663520272,1.857034461,63.58465156,Titanium,8.080270365,17.74901009,20.79655841,0.256962171,D,1.728
80.18441482,0.32161145,3.317492261,16.03688296,Aluminium,23.79501481,27.43850779,20.69891812,0.262563374,A,1.835
387.4822117,0.825149592,1.277954673,77.49644234,Titanium,10.23613183,7.027681186,26.40030388,0.261795945,D,0.984
144.4575169,0.868301497,1.038805434,28.89150338,Aluminium,32.5758126,13.37153276,29.39260229,0.264615817,A,1.554
454.1244302,0.854188622,4.599371525,90.82488605,Brass,47.23169712,47.05416417,20.01931914,0.25826378,B,1.372
142.3128382,0.922980207,0.598838046,28.46256764,Titanium,34.77999796,48.95754193,27.25771047,0.255245757,D,1.542
135.8094743,0.289628969,2.579193748,27.16189486,Titanium,8.456137174,38.28874763,26.57065183,0.261304366,D,1.451
66.44735053,0.767289832,1.182178637,13.28947011,Steel,20.95997922,16.34900228,27.32304192,0.256623974,C,1.53
262.4301253,0.487512522,0.29075682,52.48602506,Brass,29.77985207,16.72328504,23.55405407,0.261728037,B,1.899
304.17851,0.849898625,0.27649221,60.83570199,Aluminium,23.14434903,34.0605661,28.20496445,0.255755053,A,1.176
79.56888774,0.742066143,0.958586683,15.91377755,Steel,42.51398047,10.29198275,20.44706931,0.25521733,C,1.628
398.9874275,0.787625074,4.347174737,79.7974855,Brass,41.66019521,47.67392212,27.55431101,0.26573188,B,1.224
253.9799756,0.673353746,1.484145845,50.79599513,Titanium,32.5323959,15.11658048,22.67071941,0.254877068,D,1.393
285.9756212,0.218557331,4.757249936,57.19512424,Brass,21.80560753,49.98360314,24.76837775,0.265341469,B,1.647
248.3432361,0.567775573,2.949949236,49.66864722,Copper,16.49013682,27.30802079,28.22636272,0.263450675,E,1.744
230.3433774,0.985436253,2.23940953,46.06867548,Copper,9.76434432,39.7143495,22.71359035,0.261282299,E,1.341
301.8381491,0.940518663,2.94243529,60.36762982,Brass,20.97039576,5.098284253,21.85207512,0.251637877,B,0.916
119.8581107,0.091015049,2.631822088,23.97162213,Steel,23.59276327,44.99358821,26.81313185,0.268819687,C,1.342
131.8676587,0.206574075,3.818003643,26.37353174,Aluminium,35.41203163,17.15009202,25.33394892,0.257007483,A,1.918
437.8035295,0.175142335,1.484230723,87.56070589,Copper,34.61719209,35.0571535,25.14403869,0.26673774,E,0.888
475.751958,0.739680914,1.829946919,95.15039159,Copper,8.154866284,41.28598764,22.56769516,0.258807558,E,1.098
217.9891923,0.826896063,4.481062082,43.59783847,Titanium,22.78666919,12.38664833,20.34880306,0.258696736,D,1.172
171.8351029,0.252835798,4.737636914,34.36702058,Copper,13.18004902,24.91292666,24.10269138,0.266185923,E,0.948
339.7997945,0.530560058,4.473535315,67.95995889,Brass,12.05657174,27.22261733,21.0655948,0.265825458,B,1.218
233.930377,0.848667877,2.15529517,46.7860754,Steel,42.22859674,19.04537594,29.05989151,0.257697936,C,1.503
61.42386005,0.746161468,3.923790965,12.28477201,Steel,6.886184752,26.67901234,20.41250323,0.270897509,C,1.845
120.2686688,0.565125345,2.434045093,24.05373376,Copper,23.86322942,19.28955459,24.31650854,0.262973776,E,0.99
372.187503,0.610830306,2.537945276,74.4375006,Aluminium,12.56916451,21.23364853,20.52245584,0.264638938,A,1.983
346.5157739,0.53294252,1.102932534,69.30315477,Brass,44.56985971,35.11990304,20.95543875,0.263099196,B,1.367
62.19319663,0.332671029,2.996538486,12.43863933,Brass,30.0668231,33.46669707,26.58866667,0.259361055,B,1.632
149.8874729,0.586770893,1.012065899,29.97749457,Copper,15.41212864,15.45195766,26.47111261,0.268841287,E,1.703
153.9836585,0.704441037,1.724667025,30.79673169,Titanium,27.60922792,45.38672982,20.33052195,0.266903209,D,1.534
352.3517346,0.87965677,4.289647988,70.47034692,Brass,37.91688619,43.82548456,20.01131475,0.261720322,B,1.288
58.86974199,0.654476786,1.114671465,11.7739484,Titanium,48.1153104,27.9087488,20.78818077,0.270756703,D,1.183
96.84886189,0.77306546,0.448675597,19.36977238,Aluminium,14.92007019,24.49628342,27.62998898,0.266600511,A,1.354
409.9622384,0.202068053,0.438137204,81.99244768,Steel,44.87817975,21.95851923,25.84576473,0.266998502,C,1.818
130.3450979,0.488479601,4.70984415,26.06901958,Brass,47.04368514,36.82705634,20.38118245,0.2757895,B,1.793
343.7357485,0.058865039,2.583910146,68.74714971,Copper,46.2389245,35.22497257,24.88097016,0.259157198,E,1.519
157.1822515,0.284344921,2.106119152,31.43645029,Copper,33.59364606,13.82812731,27.12029357,0.259381468,E,1.361
94.74862674,0.740138629,4.073305047,18.94972535,Brass,33.34192945,35.21561141,28.68951395,0.260797752,B,1.168
159.4274859,0.992219454,4.195547047,31.88549719,Aluminium,23.14447849,16.35940373,29.34036491,0.269886234,A,1.123
375.0201193,0.144219195,1.727736062,75.00402387,Steel,38.8579047,5.835125144,23.27440563,0.26656314,C,1.588
435.0634106,0.4314196,3.498728482,87.01268213,Titanium,28.90823083,36.46439049,21.35832428,0.267250916,D,1.136
423.5989391,0.81006742,3.878501798,84.71978781,Aluminium,35.48471321,34.01571211,22.36925921,0.264226857,A,1.338
228.7325883,0.243833853,3.307788366,45.74651767,Steel,24.28060567,23.48641681,27.76171492,0.277555486,C,0.99
350.6383115,0.577330702,0.842815867,70.12766229,Copper,37.91734088,28.65587252,29.71484215,0.279524609,E,1.177
142.2429329,0.746417731,4.391827109,28.44858659,Brass,42.10121829,47.62261363,24.66393617,0.274304333,B,1.219
181.9164786,0.635186178,2.741563308,36.38329572,Steel,11.58963155,31.78400814,23.05353214,0.262563672,C,0.908
453.3511183,0.228623498,1.484114889,90.67022367,Steel,42.4818372,34.60477709,24.29190582,0.267955906,C,1.085
55.85086558,0.38761534,2.183618109,11.17017312,Brass,29.31334393,7.876009443,23.04813145,0.274817986,B,0.908
88.47883888,0.794602195,0.284098343,17.69576778,Steel,43.00996591,12.46975073,22.56487523,0.270741824,C,1.508
143.5488148,0.576515188,0.726547326,28.70976296,Titanium,24.40857679,18.54285244,25.93750752,0.275772363,D,1.336
61.93949174,0.054968133,3.851179078,12.38789835,Copper,22.05682184,29.27206931,20.1573598,0.277790628,E,0.949
131.6459458,0.772941222,0.10005701,26.32918916,Titanium,46.17773296,39.94659032,22.59552249,0.28137782,D,1.505
312.3687024,0.083545787,2.14117256,62.47374049,Aluminium,16.30261704,19.4558395,26.61382078,0.268857806,A,1.809
239.6410478,0.758447094,2.660299887,47.92820955,Titanium,42.98955464,21.03720937,20.32062696,0.272828847,D,1.449
451.70227,0.242356532,0.367708658,90.340454,Brass,26.78092576,16.52678983,20.83201817,0.270508896,B,1.638
417.8496028,0.960169806,4.868082999,83.56992056,Aluminium,28.13429491,16.45741982,22.93396145,0.262999092,A,1.521
203.8178083,0.399543714,1.208014123,40.76356165,Copper,18.88107267,47.69887307,28.77804799,0.276801232,E,1.824
166.740545,0.360585036,1.590573726,33.34810901,Brass,30.78689903,33.59557308,27.6488616,0.276400793,B,1.022
220.8615837,0.191443648,1.58931831,44.17231674,Titanium,19.63450383,12.01555596,20.22156629,0.271139743,D,1.414
315.6327241,0.340324005,1.229041644,63.12654483,Copper,6.767123641,37.50118601,25.01712817,0.266173887,E,1.635
170.6286384,0.882818224,0.107221728,34.12572767,Copper,17.23993724,37.49095145,22.74687494,0.272533838,E,1.213
330.8670085,0.996517621,3.673789491,66.17340171,Copper,5.287056953,34.99115882,26.48645659,0.278400378,E,1.09
234.2352435,0.399894054,4.837542949,46.8470487,Titanium,49.02596542,11.06242003,27.21553883,0.281721699,D,1.448
298.4212314,0.476180099,1.199038068,59.68424628,Copper,48.45862444,23.35961676,28.62862577,0.271762432,E,1
246.2569381,0.735967391,3.34893124,49.25138762,Brass,22.78198839,9.804034872,24.75416237,0.281154097,B,1.249
182.5095918,0.891885991,3.735292002,36.50191836,Titanium,37.77668845,41.74792268,29.94450089,0.27901826,D,0.935
476.8039881,0.613392117,4.257284358,95.36079763,Brass,20.56127443,34.48274644,29.79986107,0.278262367,B,1.35
393.6226074,0.421949413,2.170883065,78.72452147,Steel,35.19919207,27.82417715,28.82166724,0.270018726,C,1.459
113.0509291,0.441990749,1.584361438,22.61018582,Brass,41.24435194,20.43569644,25.74869495,0.270526299,B,1.144
440.8105892,0.710837239,1.693946157,88.16211783,Aluminium,47.60403101,13.29122635,23.98006438,0.272913137,A,1.182
269.3440392,0.05305735,3.591844532,53.86880784,Brass,23.00955241,9.790141497,23.6438631,0.27572542,B,1.078
452.5485021,0.638609871,4.102219386,90.50970042,Brass,40.24840923,48.61582734,20.1212475,0.286651378,B,1.648
409.9348652,0.38771836,0.989908442,81.98697304,Copper,16.96678028,13.98418889,22.49174497,0.274626762,E,1.636
241.346077,0.804487465,1.91761094,48.2692154,Steel,49.56495367,7.694358202,27.18808235,0.282084485,C,1.239
60.11118874,0.138341108,4.519506964,12.02223775,Titanium,6.159631944,48.27500475,26.036321,0.276194702,D,0.801
170.9048117,0.608792154,4.052798247,34.18096234,Brass,32.15879629,29.70282836,29.16422189,0.281172345,B,1.515
293.7353966,0.506924245,4.925806174,58.74707932,Steel,34.67776917,40.84955307,20.50022267,0.278784193,C,1.707
335.0651989,0.66020925,3.795816472,67.01303978,Aluminium,35.96205007,6.969463124,21.55276603,0.280274505,A,1.453
166.0494584,0.111610915,2.026656485,33.20989169,Copper,10.41744105,30.51256359,27.89243789,0.281527754,E,1.173
112.7102333,0.600984598,2.994125387,22.54204667,Titanium,47.23384026,22.91944839,23.58507631,0.278722683,D,1.719
425.7186066,0.583410359,3.338969846,85.14372131,Copper,13.15324756,39.73839955,21.18345334,0.28213258,E,1.449
492.9809813,0.58262709,0.4844335,98.59619626,Titanium,33.02390315,6.729154054,29.96450505,0.28672013,D,1.69
286.560582,0.623313283,2.7680351,57.31211641,Copper,15.02042356,23.07607559,27.87250303,0.277070264,E,1.035
127.2556786,0.69264454,3.57567206,25.45113573,Titanium,18.82473877,40.95830388,24.08741037,0.28706046,D,1.097
172.5382969,0.81473955,0.91987439,34.50765939,Steel,29.59063438,28.52137691,28.23347477,0.280095406,C,1.627
58.27580445,0.306329684,3.925095415,11.65516089,Copper,23.77370384,29.75174334,26.8060387,0.27985675,E,1.409
461.434463,0.83379694,2.960486625,92.28689259,Brass,12.21015204,9.372410688,27.8997476,0.285499799,B,1.512
102.9879873,0.523342898,4.76588675,20.59759746,Copper,12.69213811,10.95487503,28.15206378,0.280586496,E,1.408
309.432414,0.123205365,0.307869261,61.8864828,Copper,23.81651547,35.46498224,20.84728683,0.284178429,E,1.419
173.3248493,0.105623383,1.400098074,34.66496986,Aluminium,39.07773402,35.377098,26.22972888,0.284001612,A,1.504
299.3801011,0.367526403,3.047614009,59.87602023,Titanium,45.40840911,49.05965274,20.06785553,0.272745727,D,1.771
343.1391748,0.795652128,1.55314357,68.62783495,Aluminium,8.785744802,37.03788446,20.43456246,0.285541379,A,1.519
423.3838117,0.722296888,3.600678404,84.67676233,Titanium,22.68967584,27.19595732,29.03980009,0.276538235,D,1.453
142.8895723,0.799184216,3.819125884,28.57791446,Aluminium,9.511050368,43.57975206,25.27563721,0.277209626,A,1.169
54.9481229,0.541405604,0.602328224,10.98962458,Titanium,5.746661628,9.701284362,27.35901986,0.286156643,D,1.456
111.5985335,0.468189048,2.617886875,22.31970671,Copper,34.77734072,25.21831194,28.3850099,0.287297563,E,1.314
455.0083888,0.1900799,2.593563722,91.00167777,Steel,32.11022489,17.91990999,29.49586768,0.290930152,C,1.01
443.2505349,0.361783116,1.909475774,88.65010698,Steel,12.33586012,9.708701312,28.69352848,0.279748357,C,1.482
318.835896,0.462318398,4.671331827,63.7671792,Copper,15.52157749,39.35759381,24.83311449,0.28177909,E,1.045
320.2325872,0.134170408,4.154780967,64.04651744,Brass,6.066848914,27.98564137,23.35970307,0.288097605,B,1.722
349.2665035,0.259581355,3.516325971,69.85330071,Aluminium,42.57262426,30.0545924,21.54493236,0.292187453,A,1.197
128.9170754,0.618314029,3.600200515,25.78341508,Copper,48.86107682,23.50648346,24.00321482,0.28731723,E,1.853
461.4853757,0.748879959,2.362409105,92.29707513,Aluminium,11.09567916,25.71517542,23.66493579,0.282256652,A,1.125
238.4467362,0.998430136,4.612873153,47.68934724,Copper,15.41638462,10.22078242,25.59574842,0.294469022,E,1.592
222.4123377,0.936457665,3.503517594,44.48246754,Titanium,44.07842858,35.28130209,26.65509409,0.285915395,D,1.26
283.5129674,0.66043694,3.672007202,56.70259348,Brass,46.69087091,24.46013118,29.78325476,0.286361514,B,1.435
71.13468505,0.450185651,4.322285429,14.22693701,Steel,23.88323223,41.75454079,27.28386186,0.280628571,C,1.426
124.8275159,0.654368496,1.442950788,24.96550319,Titanium,7.278011252,13.83292401,26.43748532,0.291718536,D,1.364
382.1151274,0.796369037,4.054647429,76.42302548,Brass,6.772632516,14.2274792,23.35092434,0.292651416,B,0.818
87.25940057,0.162419381,1.056678954,17.45188011,Steel,30.82774397,34.05918072,20.34503876,0.285149524,C,1.205
321.4184493,0.439409645,1.792175566,64.28368985,Steel,22.6802799,43.07015405,22.88125129,0.297725004,C,1.209
160.4070994,0.847812171,1.744491226,32.08141987,Copper,6.289359241,26.24890274,27.684479,0.286323617,E,1.418
225.1830263,0.414641304,4.894774795,45.03660526,Aluminium,31.24635765,37.71292409,22.05271941,0.292675822,A,1.799
179.9121815,0.593278658,4.297032396,35.98243631,Brass,5.508614147,49.96984647,27.12188194,0.290958086,B,1.346
210.0527224,0.608380893,3.535732322,42.01054448,Steel,40.43173812,49.56195379,25.79779843,0.280002349,C,1.709
373.5706573,0.22525244,3.662578132,74.71413147,Aluminium,18.78947702,38.49515793,21.7185687,0.293139938,A,1.177
183.704772,0.39412367,2.854156693,36.74095441,Brass,6.811610135,38.28139204,22.61624806,0.292981334,B,1.054
304.8820881,0.367785724,4.740744269,60.97641763,Brass,31.47584994,16.14284992,24.96303603,0.282169088,B,1.751
264.222681,0.074886873,2.531667889,52.8445362,Steel,22.89579865,42.50928342,24.18374705,0.298917958,C,1.069
348.6520244,0.072982176,1.964536778,69.73040488,Steel,48.8210186,23.22959572,27.78563848,0.293872524,C,1.394
471.5733827,0.840112191,0.898873151,94.31467654,Steel,29.48893981,48.28972594,27.34404643,0.298068878,C,1.796
379.6574437,0.309417269,3.952407696,75.93148875,Titanium,17.38576315,8.664245992,25.74574503,0.283581626,D,0.851
146.7231704,0.542174828,3.698775267,29.34463407,Aluminium,36.92474891,24.6128166,28.22274711,0.290400291,A,1.91
64.03241078,0.333789295,1.983339689,12.80648216,Copper,17.21714011,30.01282195,25.62669541,0.298645755,E,1.219
168.0188199,0.943645283,0.223447728,33.60376399,Copper,45.69094811,23.23202932,29.64389257,0.285191576,E,0.962
317.7850688,0.296331921,4.211086906,63.55701376,Copper,21.86248867,14.47606357,22.17224099,0.291417773,E,1.582
73.14161607,0.458173972,0.155948119,14.62832321,Steel,29.74408532,31.684482,27.14131994,0.295646121,C,1.796
273.3648112,0.879093738,3.54812892,54.67296225,Copper,7.275789672,39.01630616,23.69944132,0.284431002,E,1.79
318.579282,0.849836888,4.854259838,63.7158564,Aluminium,24.17545571,34.01773682,22.78966194,0.287587245,A,1.281
200.4097509,0.226796347,2.244540508,40.08195017,Copper,42.45635928,15.5501982,21.80387476,0.301394906,E,1.334
396.9104917,0.812511144,1.251369684,79.38209834,Aluminium,41.25419624,37.9223575,25.52503476,0.295073748,A,1.243
97.96921391,0.485277542,3.553867949,19.59384278,Titanium,15.09433515,16.56040127,22.15469433,0.300948566,D,1.498
83.81200178,0.508820428,4.103927896,16.76240036,Brass,15.1735582,12.88410633,22.00350851,0.296265833,B,1.515
377.6849403,0.176805974,2.777508549,75.53698806,Titanium,41.77873905,36.08006069,29.90531905,0.307925128,D,1.469
272.9710923,0.126571438,4.838472849,54.59421846,Aluminium,46.86792891,42.92542608,28.01747417,0.298129597,A,1.49
359.7810784,0.741542342,0.353176736,71.95621568,Steel,9.291241457,26.66927515,27.4827682,0.302575121,C,1.337
245.6723024,0.521638095,2.573498432,49.13446047,Titanium,25.25263877,28.91263069,27.94060626,0.295286084,D,1.527
160.880915,0.465008167,3.620424342,32.17618299,Copper,20.18544255,18.62364067,29.68922874,0.297860455,E,1.612
418.596043,0.743032817,4.326938309,83.71920859,Aluminium,44.1809805,27.25781068,25.73276689,0.300306451,A,1.38
409.7371455,0.777237254,0.978352498,81.94742911,Titanium,8.758621161,10.93923491,22.20243877,0.30142642,D,1.763
362.6134119,0.200962759,4.020017061,72.52268238,Steel,14.50066742,48.01238734,28.62209641,0.297482723,C,1.02
172.4653118,0.629713892,2.808264671,34.49306235,Copper,38.86107519,41.01622941,27.42730729,0.29798169,E,1.697
315.6038001,0.178586378,2.043113042,63.12076002,Titanium,7.308223204,35.05878774,24.14308312,0.300767857,D,1.521
212.4382536,0.763806332,0.74540364,42.48765072,Titanium,27.16409213,29.21874673,24.73569499,0.301054864,D,1.636
91.211933,0.674107398,4.339949219,18.2423866,Aluminium,24.89481656,40.64761113,24.11252398,0.293713547,A,1.592
462.791109,0.95878389,0.87063872,92.55822179,Brass,20.04805305,27.26407578,29.2994216,0.300253935,B,1.53
111.5683839,0.115510116,1.61796051,22.31367678,Brass,22.75575419,18.49882587,23.43531611,0.301023289,B,1.648
477.6068092,0.104201985,1.521223107,95.52136184,Copper,28.84732641,12.21684058,29.63484279,0.294828119,E,1.644
250.7025978,0.318077721,4.369928768,50.14051957,Copper,12.26153113,34.1413515,29.10271771,0.304529634,E,1.724
