Air_pressure_bar,Flow_rate_lpm,Valve_status,Cylinder_position_mm,Leakage_rate_lpm,Noise_level_dB,Load_pressure_bar,Cycle_time_s,Ambient_temperature_C,System_vibration_mm_s2
4.253762972,36.45734445,Open,172.7231929,0.114741534,64.10031908,4.654601035,1.230314497,23.65854737,0.713343165
4.862533091,31.5350153,Closed,380.6357148,0.090213751,62.49015533,4.646246634,1.809462197,22.3097009,0.986174658
5.499257616,31.45866363,Open,477.1156787,0.126898798,65.86975632,5.123613696,1.534207899,22.57860927,0.85111194
4.857181233,31.07055491,Closed,185.7169753,0.052356948,65.26456446,5.1986767,1.526735768,24.28366186,0.971458301
4.85281633,32.44565278,Open,414.7001101,0.057766137,64.90067874,4.950312645,1.160736753,20.52172688,0.396741138
4.915172202,30.27585319,Closed,95.39613274,0.103086734,66.65056545,4.956676945,1.571748278,21.56005983,0.863099362
4.663730908,29.99695759,Open,403.5898851,0.108659882,63.28066871,4.683928999,1.731484389,25.26921102,0.930772901
4.488567277,35.9831356,Closed,328.7470296,0.008719241,63.05365732,5.189465697,1.729895412,21.60637775,0.529840515
5.315764193,37.5805809,Open,96.37175361,0.122757319,70.52049316,4.853539251,1.633666646,19.46532607,0.972411518
4.447118928,22.46223528,Open,151.2519802,0.138636419,67.23742164,4.970622053,1.274102884,20.66128781,0.777696221
5.074181436,30.05010576,Open,65.8854443,0.096135738,68.30778424,4.778895012,1.562624683,20.1236403,1.41426734
5.265973848,26.55652783,Closed,191.4835055,0.218723314,69.90441834,4.746393483,1.633516992,22.71432517,0.364552786
4.56463211,28.44514267,Closed,101.8243206,0.065853245,67.10377672,5.132608452,1.141111283,20.20810599,1.073822874
4.722719479,32.01258105,Closed,321.9989768,0.081945642,68.71355472,4.907944736,1.275744082,22.54206851,0.721168381
5.363953757,33.34719186,Open,497.2525521,0.080246655,58.68261935,5.090275092,1.677631464,20.52786956,0.476569657
5.159867516,29.43936778,Closed,6.004581542,0.096190619,65.81661549,4.851065634,1.675209155,17.75324292,0.694608971
4.814814288,20.43329833,Open,270.4599066,0.083563759,64.26912615,4.630326693,1.190283393,22.61323957,0.855495848
5.360674701,25.1747721,Open,286.8332988,0.029659473,71.71073636,4.683331413,1.659004292,22.29692736,1.007493334
5.361960717,34.48249835,Open,457.1043948,0.072672585,68.71058213,4.820593048,1.51906068,23.03551563,1.144392858
5.080715808,16.29786789,Closed,253.0026674,0.095118965,62.47821924,4.674699957,1.656201791,20.65402556,1.084378618
4.729951932,35.93713576,Open,271.8507098,0.161428604,66.49117663,4.578507718,1.373095735,20.44091105,0.606923596
4.875965389,32.60614995,Closed,235.8264007,0.210112164,65.67072533,5.040283406,1.629036699,22.80293372,1.026032938
5.085916023,36.58088041,Closed,134.4521523,0.166773695,66.81732573,4.691025986,1.668765755,25.03803915,0.878256991
4.943421551,29.00715407,Open,28.01456662,0.061231049,60.92463012,4.82763855,1.429733013,22.02233602,0.669079396
5.281687153,19.69297288,Closed,204.3288411,0.065209519,66.44006586,4.859226718,1.503550509,22.84917019,0.757617881
4.541067776,32.15181321,Open,26.29573562,0.092033571,64.0873946,4.682369375,1.370295674,21.35682463,0.658031468
4.551720941,36.37326562,Open,275.2462347,0.189227944,66.12979906,5.090159893,1.83032779,18.91273896,0.807418468
5.054261333,34.62360903,Closed,153.6468216,0.091728797,62.10245934,4.576571648,1.475945612,23.93485884,0.654068424
4.852536676,26.68654258,Open,266.8012008,0.033624625,62.65974731,4.852325053,1.315595135,23.81682848,0.594401185
4.811885416,30.43380538,Open,67.1484822,0.074941143,69.69536808,4.849223541,1.356834817,23.42154805,0.895823826
4.469582984,27.33581866,Open,466.3149829,0.1378528,60.79380977,4.789149079,1.52535412,21.63610912,0.92574611
5.005863753,25.90366768,Closed,447.2606218,0.134497014,61.0889824,4.540617477,1.650666234,23.1941122,0.7624806
4.984173468,34.77694286,Closed,94.9982546,0.089989167,64.79367497,4.97416351,1.232834631,23.78752359,1.073530261
5.196043695,24.01233844,Closed,171.7221416,0.134170734,61.9124385,4.948702134,1.869532001,25.24031737,0.747913883
5.02067184,25.53091785,Open,306.7463859,0.01365861,61.45988547,4.664886294,1.561735059,23.97705221,0.739445091
4.960218777,24.47987183,Open,47.84310365,0.105191462,65.42030388,4.941497441,1.593291195,22.12764245,0.932097796
5.353100191,22.54876238,Closed,177.2839106,0.143034271,58.97973657,4.874981537,1.480562091,19.38349349,0.773514883
4.606259809,30.73207146,Closed,125.5561434,0.058356836,60.96815106,4.543877571,1.503851793,22.3113166,0.816959546
5.160916766,35.80751524,Closed,457.7583644,0.058183073,73.21638233,4.629214217,1.470343372,22.51315479,0.295912306
4.498655851,29.07561622,Closed,426.2553181,0.006677592,66.83790024,5.027656289,1.703559194,23.41805955,0.803341477
4.748491436,22.471261,Closed,289.9163706,0.17949478,62.01374659,4.861883237,1.498414283,24.70778372,0.434560813
4.63620286,34.1997227,Open,260.1731684,0.063992301,66.67286031,4.687139411,1.653410044,21.80969898,0.555809886
5.234582761,38.42850877,Closed,465.3628973,0.112052164,67.26932191,4.628304822,1.413230495,26.20197438,0.532935492
4.98037693,26.76878838,Open,466.2138915,0.130195852,68.97765768,4.69692124,1.539128106,18.48142596,0.591483369
4.995949027,27.60722867,Open,484.6650627,0.175603397,64.49137588,4.711104094,1.339215931,22.83868374,0.690229228
4.667980104,32.57830315,Open,62.68944205,0.092305111,68.90599081,4.630807393,1.743305647,20.40295922,0.702701477
4.910091951,38.10936874,Open,80.27890538,0.07302851,56.8462139,4.451647178,1.333250552,18.185556,0.932855041
4.770960409,27.40082927,Closed,338.3683493,0.108653382,60.77476748,5.028002657,1.435004111,21.59645125,0.844477563
5.115036504,23.3377511,Open,270.7172383,0.164204014,65.65548561,4.994126735,1.437007918,19.0856546,0.419785114
4.702672659,33.15709303,Closed,9.232952447,0.091491373,66.31853413,4.54534891,1.429209722,21.6771442,0.816658928
5.39893831,33.99534037,Open,30.98751799,0.052256546,61.35287085,4.827262259,1.644499154,22.0695385,0.863651049
4.497325865,30.03065725,Closed,444.0401911,0.02296211,66.03767997,4.619552359,1.436668447,24.23708282,0.734286697
4.75804405,27.2093337,Closed,434.4353978,0.038935131,62.50463901,4.747686555,1.778784906,18.98482973,0.787822805
5.503160153,34.97189365,Open,178.635461,0.143219575,63.89216362,4.731046684,1.336304983,23.81689033,0.838062025
4.869458376,32.64018002,Closed,445.5253085,0.083968776,69.0990952,4.714433157,1.533875494,22.1961609,0.95291992
4.605536401,26.15782242,Open,296.8375372,0.069623955,68.63574999,5.200589417,1.344842802,24.05769831,0.485024003
5.065721469,30.24547366,Closed,402.9528235,0.064201639,61.01175869,4.711934863,1.584194557,21.13649765,0.751136592
4.857382327,23.24146234,Open,213.7155356,0.104252293,60.77099415,4.638347235,1.496810055,19.33551083,1.10166722
4.749238923,33.42945228,Open,56.69916367,0.088027245,63.35530642,4.647483714,1.468987591,19.56500135,1.083332262
4.671238757,28.68883215,Closed,216.8635313,0.086343393,64.8930148,5.008755391,1.737694993,19.41638509,0.970187386
5.830512082,27.82144584,Closed,228.649899,0.167466196,62.36840605,4.469579534,1.369131626,22.95562831,0.907364937
4.92453443,29.83562757,Open,275.4720969,0.176900814,69.16256977,4.647475417,1.617303032,24.95384404,1.13092695
4.422329792,30.2015385,Open,52.79135645,0.019498916,66.38955937,5.089364568,1.346208017,20.87009695,1.1835696
5.448112928,34.47465031,Closed,495.7009315,0.116379637,66.62434044,4.848797238,1.52253704,23.2582706,0.774184002
5.183321272,32.95545266,Open,122.0684104,0.061156895,59.93384468,4.838384401,1.260884934,18.95311588,0.606113511
4.770060071,29.21795361,Open,99.27620177,0.087587444,69.66916287,5.226429292,1.367496571,22.3606425,0.745941536
4.720064273,33.81834075,Open,263.4014594,0.115463919,53.71932471,4.849269591,1.483571391,23.33712523,1.419339103
5.202041839,32.00368627,Closed,268.6040897,0.089364004,68.33622181,4.658362768,1.862929833,19.10375045,0.486128731
4.925924502,27.86700182,Open,219.9103689,0.111522994,68.73724695,4.743584589,1.520160774,21.59223306,0.705892172
4.422206654,29.37640921,Open,385.9460732,0.13364851,63.27039525,4.572913538,1.830933663,23.43183428,0.51746177
5.536171989,29.25888556,Closed,258.3272004,0.11472884,70.09164087,5.051187408,1.544064658,16.13245871,0.824952773
4.869802861,32.52630672,Open,304.8477276,0.067658185,64.74760979,4.914912344,1.422583151,24.67090612,0.559461794
5.448671521,28.16488693,Open,361.8731927,0.06854002,65.24972681,5.02488283,1.807871305,22.70735875,0.778249795
5.383530487,28.04795407,Open,12.51255078,0.028014735,66.35811515,5.042596786,1.587403524,23.4334553,0.409980968
4.699697137,39.84378655,Open,285.3220913,0.057303985,77.74629965,4.717157844,1.371455681,21.17456144,0.923524133
5.309956959,34.69867741,Closed,442.0972356,0.198103418,70.37773563,4.61104943,1.594114292,18.55455504,1.044469051
4.804567235,26.19699668,Open,8.694371463,0.060399821,67.8045248,4.789657378,1.44148105,23.06812591,0.723211276
4.439989824,32.85470497,Open,202.5910519,0.040331059,61.34878205,4.625447786,1.102193161,21.83481935,0.772973999
4.87262055,30.59175033,Open,463.1137251,0.115996393,65.5743593,4.832991375,1.687194632,22.06423091,0.767318554
5.119291251,31.95775588,Open,176.5772011,0.094481762,61.74750362,5.026419376,1.718986811,24.17521397,0.836182135
4.861179006,30.68670662,Open,229.3644121,0.090220338,68.28844339,4.766372071,1.867588406,23.52412775,0.792366083
4.907885498,35.94821323,Closed,490.7706965,0.170452298,65.5618679,4.829999018,1.584428738,25.84247483,0.95362339
5.343069813,31.72810172,Closed,99.66192948,0.127456334,60.50191328,4.781230877,1.450255315,22.30770846,1.046607827
5.031948194,29.68955651,Open,32.62759456,0.073500353,65.32449833,4.960545514,1.666997885,20.61757512,0.637185756
4.747010507,35.21095288,Open,429.7112954,0.078776204,61.60233012,4.666443521,1.669964073,21.62316631,0.738134301
5.210609097,31.16642521,Closed,434.2326706,0.074870674,65.60486489,4.360710748,1.827656237,22.83132675,0.98032389
5.05930267,30.6073929,Closed,236.0389173,0.143736981,61.56369073,4.894173772,1.491074475,24.03171304,0.51566619
4.24351856,31.57011301,Closed,257.1035872,0.084592619,65.10995053,4.997566884,1.466884205,19.0659321,0.405855744
5.128505874,29.53195488,Open,417.9031848,0.010342325,68.00187945,4.889274849,1.356891116,22.01707523,0.845263191
5.117548612,30.04613496,Open,369.2797491,0.097584016,64.78779203,4.671953901,1.607492417,25.21908331,0.899269282
5.006036339,27.06652706,Open,132.5745011,0.0231487,63.43644693,4.57299758,1.190347666,21.51958226,0.655539962
5.267510174,26.2441639,Open,8.446677536,0.20921153,65.81310488,4.898899506,1.655217475,23.86202371,0.684269789
4.798281925,25.00714807,Open,239.8500813,0.051716604,67.78873048,4.828295791,1.617567024,22.98623505,0.647961536
5.100949937,23.04008357,Open,429.456163,0.091906762,60.57126692,4.774841474,1.61701404,23.91172121,0.626614952
4.529912189,25.60141319,Closed,447.9173383,0.112910137,66.04262462,5.164492669,1.527645047,20.38047892,0.938699164
5.122127115,29.12866483,Closed,478.1130985,0.085567092,70.27016328,4.610639981,1.80659565,20.38919666,0.563900303
5.585917909,30.51558791,Open,439.7816188,0.08549848,67.29462785,5.155007404,1.674398693,22.04054378,0.746895428
4.701543094,28.64351718,Open,290.0217776,0.121091364,65.23101659,4.806356781,1.378584562,18.93555643,0.618932766
4.77205936,18.22148255,Open,222.3027996,0.176310798,67.55895003,4.432885905,1.38216419,21.46051879,0.508942205
4.786995367,37.87293179,Closed,387.4249233,0.138375454,66.80998582,4.764159469,1.324065237,22.50575332,0.974035635
5.038999468,35.43240061,Closed,369.9108172,0.173925694,68.01440444,4.991899215,1.610256667,25.56927121,0.696034956
4.681089118,32.22879926,Closed,269.071715,0.047669045,56.90427356,4.726988993,1.299972216,22.80543638,0.837688016
5.126374214,39.53745336,Closed,43.66368628,0.115868132,58.78617547,4.505044292,1.716678429,23.25045694,0.498384824
5.254051984,25.11317941,Open,463.0406734,0.107762303,69.0193166,4.767097094,1.764594662,24.32895169,0.651612109
5.160304164,39.4381256,Closed,227.8012688,0.117554565,58.9788833,4.628565525,1.324196746,20.07068482,0.951217576
4.469475372,25.17392962,Closed,181.666891,0.168811599,66.60615454,4.89836288,1.462890293,21.66983468,1.317454291
5.2985503,31.19368963,Open,314.7836976,0.088960543,63.59180138,4.954679963,1.503324196,26.85082518,0.404756787
5.281210224,23.63081337,Open,336.9189806,0.079724832,61.01524302,4.588745918,1.676796632,21.84175556,0.759778441
5.249048412,30.07347048,Open,105.3439585,0.12669904,66.39859903,4.658839189,1.821868675,24.2328615,0.88245612
5.111852675,31.93083249,Closed,418.4694224,0.011089864,65.80413401,4.951328493,1.162901521,23.92747575,0.676779969
5.066056794,29.22654834,Open,144.9685468,0.088157398,73.44137061,4.628231144,1.436363856,19.04377257,0.969904397
5.309716819,33.56938722,Closed,93.34196296,0.093290116,62.50075518,4.583568373,1.446796661,22.62095855,0.626653466
5.577054046,30.49507225,Closed,203.1999264,0.053982069,70.76044048,4.564261774,1.219866029,22.29349494,0.830769532
4.714087861,27.38792636,Closed,365.2800404,0.152852951,66.40969166,4.870407723,1.402977996,22.65991758,0.695585619
5.323437619,27.16593341,Closed,482.7290892,0.046887984,62.35591247,4.861831544,1.585553789,20.49177504,1.043886217
4.974134871,34.05456886,Open,404.6406322,0.093206348,68.19698583,4.663190794,1.444264219,19.76616098,0.664727099
4.961098084,26.73128985,Open,470.1741888,0.114657861,67.26295402,4.801017079,1.191075766,21.04798,0.729625241
4.539040793,34.57701485,Closed,70.30290204,0.167672578,65.14337318,5.105426477,2.07481654,21.80441001,0.989137807
4.914563177,36.11355896,Open,35.58839943,0.099472178,66.06518143,4.605187969,1.553235573,24.3699689,0.594392268
4.700820513,21.65643069,Closed,278.852381,0.14680768,62.61205188,4.409651478,1.522338826,25.63462164,0.813750011
4.860843671,35.66463194,Closed,145.1487415,0.13502977,61.6968515,4.891015115,1.280414727,24.79319569,0.435493131
4.670544085,40.30211349,Open,414.0274865,0.106172878,68.0377687,4.777919767,1.552141232,23.72037042,0.582413308
4.865327484,31.26001881,Open,335.9939357,0.04552433,64.1042423,4.657994983,1.467157243,19.99131948,0.876426255
4.878166893,32.99542093,Closed,485.364082,0.028270957,64.67966801,4.930416047,1.122295317,21.18220765,0.601860498
5.029026476,35.18502662,Open,127.3961779,0.10532527,66.11928638,4.967845029,1.285948912,22.4198521,0.691085414
4.515575041,28.62258842,Closed,242.8920572,0.072865156,66.06115338,4.358344396,1.658985204,20.73512192,0.89861728
4.566344556,30.91140112,Open,250.6202387,0.145963055,59.28269412,4.669480418,1.88880353,23.15441131,0.684162772
5.108574281,23.42900235,Closed,119.5883974,0.137292826,70.14500835,5.263503246,1.573433081,23.44097222,0.964568415
4.760768565,30.69317514,Closed,295.0466997,0.09076945,65.48472861,4.916680983,1.720616656,23.07258013,0.843132557
5.322358937,32.49055998,Open,221.642993,0.042114354,64.18938695,4.935220728,1.468848938,24.05026921,0.887136622
5.067580917,32.58081511,Open,223.360778,0.125536777,66.72338402,5.034578856,1.482690768,20.19081757,1.04819312
5.182028645,35.32712362,Closed,181.368324,0.049102528,65.94616877,4.803413765,1.718195806,23.86565741,0.863964613
5.423207696,26.12598911,Open,8.464676213,0.062076804,68.06825076,4.959336832,1.832555458,20.6087091,1.107769458
4.907086756,27.33696622,Open,261.0476185,0.051029213,67.15193469,4.943612409,1.760219339,20.11812809,0.982252457
4.827653988,39.47753673,Closed,167.6239179,0.093074949,67.87138492,4.907808299,1.286727385,23.06423227,0.695309514
5.261510776,29.24835813,Closed,0.659934492,0.158509617,70.40397562,4.735597606,1.486608222,24.43174712,1.058629615
5.152854069,31.00016894,Open,153.9718538,0.099747956,68.5344982,4.834411784,1.555504937,22.97602697,0.852773204
4.943800907,29.66494979,Open,139.3141665,0.077839065,64.35805512,4.682327687,1.448064407,22.04160805,0.721064058
5.41743739,25.89159587,Closed,196.7240766,0.023719253,60.50839538,4.802562861,1.577571509,22.62030765,0.855677139
4.936326707,38.11764605,Closed,65.92599482,0.127606229,71.67119173,4.566301822,1.664115362,22.27285384,1.022465365
5.009832091,27.36149294,Closed,253.8419123,0.06097977,64.04910651,4.641875202,1.70056195,19.74809821,0.891009019
5.006366795,24.36357238,Closed,346.2201763,0.105875881,63.10757035,4.743537592,1.83717403,19.51475971,1.164478567
4.719621832,27.74629861,Closed,315.0927845,0.082289069,58.05309273,4.611258914,1.434111779,21.84234824,1.017306112
5.023275617,19.99146999,Closed,401.8774738,0.141908861,66.35389242,4.698996546,1.227193367,22.15971367,0.904632007
5.419028053,26.74356268,Closed,226.004144,0.09213818,65.59554642,4.767214805,1.571646919,22.02266476,0.594786383
5.133490495,25.15935701,Closed,259.5458652,0.097053682,58.93954026,4.880452469,1.876762206,23.35220323,0.764053497
5.009319028,33.08714315,Open,405.2009704,0.124287357,66.81309617,4.98985146,1.404604828,21.56904657,0.814332828
4.951469816,26.6329288,Open,213.8505854,0.205347009,63.00723232,4.707243126,1.637369395,23.12595836,0.9393263
5.099260109,34.43901968,Open,350.7996749,0.144422347,75.76126003,5.067020923,1.639149158,21.71082647,0.927466608
5.224929989,36.99241997,Closed,217.3011844,0.095569695,62.72255523,4.987722216,1.538288409,25.64671792,0.833908082
5.182771649,33.90587668,Open,208.8680973,0.1001599,63.25922667,4.900818766,1.501384944,22.16142745,0.824069983
4.900440541,28.92305856,Closed,380.1028123,0.073757027,61.5008951,4.830729826,1.315314159,26.68144522,0.944091379
5.097434478,30.70557248,Open,87.41845773,0.052500215,70.11150608,4.863824168,1.043667586,22.70402318,0.628282755
5.143981922,22.3750753,Closed,169.292986,0.072362461,63.50889682,5.03741023,1.277629859,21.57264566,1.139103164
4.697841504,29.33110314,Closed,112.0861384,0.061392552,62.10034338,5.044715932,1.42193917,20.20110405,0.390566623
5.050469162,25.69780766,Open,179.5549715,0.132668419,67.82782004,5.066989346,1.719484537,19.11422285,1.091081896
4.351608834,33.47163191,Closed,115.1874112,0.046440257,59.47858826,4.808265366,1.479374388,20.01711543,0.790962894
5.144760113,42.86376195,Open,289.7028155,0.166660528,67.50044218,4.910993433,1.396194856,20.24078738,1.000515963
5.198102916,32.49910818,Open,399.0854013,0.137602319,72.12559887,5.068709301,1.321802912,22.78964004,0.872768087
5.224263838,20.04429926,Open,393.3065306,0.101025086,67.26643133,4.675256793,1.631361166,20.94766926,0.869206882
4.881485944,28.19384904,Open,182.2504823,0.100015931,67.55159327,4.736316629,1.771671433,22.37385411,0.910850895
5.092714051,30.61245463,Open,494.3802029,0.072135935,68.48024087,4.803207333,1.712687144,24.56395672,0.961810858
5.427186154,30.43678713,Open,296.9271824,0.113504221,71.83883211,4.979919748,1.62122994,21.8243833,0.734233835
5.424130894,26.34593437,Open,199.7001509,0.154404623,69.83957584,4.98303443,1.204877451,26.1583134,1.006959826
4.99124819,31.22645871,Open,417.7696396,0.064842177,66.75867889,4.753827178,1.429665151,19.64837804,0.583105875
5.041795889,23.78749582,Open,364.9370063,0.023330396,68.6155656,4.498278109,1.889460846,21.6988329,0.798933885
5.333273343,25.27545639,Closed,374.6376684,0.135160913,61.4562603,4.849236789,1.724390098,20.92137415,0.967193985
4.549759395,33.22898821,Closed,98.06967487,0.116218299,68.10517436,4.616336773,1.192499356,23.87301321,0.999003516
4.903077277,24.92168385,Open,234.1621537,0.04399006,60.97777612,4.502012759,1.488881895,17.52041674,0.89215777
5.400671137,32.69105803,Closed,430.9140654,0.063330431,63.53191033,4.547225688,1.572619687,19.11376942,0.721321512
5.292560163,23.15268113,Closed,252.0190038,0.057044786,52.6697513,4.865276202,1.347568307,21.78530636,0.979341556
5.110779133,38.82412942,Open,341.7263717,0.063773387,66.60571864,5.072207472,1.038159196,25.10275544,0.666126752
4.548250278,26.12865039,Open,293.9668665,0.083815862,62.42451196,4.807778903,1.519764809,22.45168367,1.150281815
4.98502693,28.88166714,Closed,421.1783939,0.086672635,69.44458086,4.842276131,1.342448348,19.29690509,0.783065821
4.823025381,31.65306631,Open,142.2804199,0.067460317,66.56077044,5.036578988,1.343231652,19.60566681,0.492074861
5.099311671,27.17325024,Open,287.7376389,0.062091809,69.49638358,4.491109018,1.429063928,25.34597941,0.561063306
4.757195995,30.71702981,Open,61.617334,0.088560783,60.66561382,4.904035284,1.473264817,20.7577304,0.808728727
4.692282982,32.87678362,Closed,345.1053883,0.108384577,69.15354415,4.797682043,1.498183441,20.11407326,0.827965054
4.380540417,34.80306616,Open,365.9839192,0.084185173,73.42342538,4.913211492,1.32320202,24.95474512,1.193931337
5.366541405,33.95748718,Closed,21.41866059,0.157933351,68.0566332,4.703303218,1.455958094,24.02219401,0.592300132
4.880068847,29.14094768,Open,337.8954818,0.125404386,68.16139603,4.636412542,1.148515326,24.54811929,0.80789244
5.047143735,29.26684113,Open,207.3450771,0.020457707,65.67839071,4.828101781,1.562207813,20.09991624,0.588115719
4.999328565,41.74554279,Closed,62.04843805,0.126186388,62.90132488,5.129838265,0.928744917,18.94978872,0.701469029
4.67976982,34.74944534,Open,209.9537738,0.130277199,68.04476949,4.972182021,1.442101984,22.26633298,1.136794406
4.622280527,25.39088172,Closed,97.11646485,0.078263252,58.97566836,4.698461446,1.683837231,22.67025227,0.572732755
4.698405462,30.49994082,Closed,207.7797661,0.025240121,63.3289795,4.531805593,1.288131863,22.72920361,0.917408485
4.783049468,28.32428431,Open,192.169514,0.100403338,57.91577279,4.463586543,1.643286041,24.95636787,0.878581472
5.109981874,29.32332883,Open,369.1958185,0.099614567,62.18537449,5.06321989,1.731146542,18.53246582,0.795165715
4.761284701,23.85252421,Closed,387.1077791,0.043917688,67.56818037,4.608983542,0.83842001,23.7193901,0.903887325
5.523947189,27.94038383,Closed,303.5143272,0.027439039,67.0215735,4.734897317,1.469727419,19.80674991,0.567995924
5.308145311,39.05777887,Open,11.34342109,0.095622323,65.20365478,5.064242225,0.924845314,23.71147064,1.131264502
5.242507865,32.8953815,Open,465.5111395,0.08834614,65.68160398,4.477219709,1.476358311,21.05008659,1.184969099
4.964102329,17.54419296,Open,343.11664,0.079136732,57.45654153,5.098452902,1.498565758,20.37205641,0.80942094
5.454284221,36.08361746,Open,17.09772496,0.095829463,63.50975088,4.749271909,1.003491203,20.78019459,1.284621226
4.934598311,35.44814761,Open,409.4164496,0.044861181,62.27459357,4.570283337,1.884967672,19.1087796,0.720194414
4.990621576,28.20357348,Closed,100.1330774,0.078258969,62.36376124,4.750529815,1.557203162,22.08085788,0.880086399
5.050992362,33.58631772,Closed,289.6105948,0.126666252,67.39831451,4.655480644,1.330195314,20.45465322,1.086377813
5.210546912,25.70300395,Closed,233.317185,0.082501496,61.55797069,4.88816396,1.793075885,23.57259646,0.708199108
5.191072424,27.64872142,Closed,209.9193912,0.016401376,62.5812766,4.670373513,1.140877356,23.28011216,0.523690188
4.857462416,37.4927318,Open,444.8568601,0.076365386,56.65172302,4.417671558,1.254165793,25.37631411,0.477656587
4.840101884,28.6413498,Closed,218.6806458,0.046492077,63.82350728,4.755887493,1.040108895,22.73265497,1.212165313
5.191970887,20.65134169,Open,37.67205879,0.113356815,60.64864981,4.52869099,1.860209039,23.04135553,0.69419507
5.214570975,29.68348389,Open,473.3193636,0.11594187,65.31681171,4.840863977,1.566469274,24.80019962,0.762852647
4.881994663,29.60705804,Open,460.2676156,0.017061269,61.19556781,4.562573934,1.631880358,20.74467461,0.577447184
4.523843579,35.99184285,Open,342.2163448,0.137950649,65.41816898,4.702397439,1.560200247,19.02348357,0.989667856
4.937805171,30.07168211,Open,233.9462641,0.044390685,64.42125696,4.836517561,1.614753552,22.40018812,0.643688028
5.18705774,27.89208844,Closed,46.42973647,0.177959115,71.68816709,4.757508255,1.515615543,19.15473306,0.701747394
5.541625054,35.22528073,Open,395.3740593,0.097561187,66.98887192,4.850086057,1.554184269,26.90787735,0.859904084
4.640612611,30.60395116,Open,37.73895721,0.037680325,57.64144851,4.936057433,1.521520687,24.91099658,0.587190815
4.872028624,26.24988659,Open,34.30049245,0.042900696,59.94044462,4.56841326,1.378281639,26.32795267,0.764283546
4.883178932,35.7749878,Closed,268.6919212,0.117404765,65.22083204,4.787120492,1.490675047,22.12489395,1.080441918
5.406741602,30.96830882,Open,80.06412009,0.080435006,61.28060821,4.13409924,1.554718915,23.10114719,0.88565088
4.98951755,30.01462983,Open,3.86513367,0.095167305,53.12652628,4.84946666,1.522109824,21.08104914,0.826108458
4.727802032,30.88954196,Open,211.5567155,0.180639012,70.39818526,4.739837174,1.204445578,23.76584961,0.842972942
5.167608585,24.64665814,Closed,68.60861581,0.065037797,67.88089607,4.603310047,1.231002666,19.56891358,0.722172981
4.878608444,27.36173112,Open,80.25770764,0.102998143,67.08390749,4.863143884,1.716568287,16.91381362,1.199230464
4.632683818,30.01791301,Closed,38.45531937,0.170992224,62.57070782,5.034539515,1.438601191,20.41857876,0.637568574
4.732168008,29.02668152,Closed,102.5468769,0.113525674,66.71070708,4.70479645,1.616945069,19.08905305,0.842185232
5.520212586,36.36214191,Open,357.7420899,0.019669863,62.1825587,4.611037102,1.281576018,24.95585347,0.823005113
5.115262766,31.08702926,Closed,404.4636536,0.125269451,65.8194292,4.833005052,1.205370825,25.63135491,1.001752501
5.032328017,34.27451961,Closed,226.266822,0.041849857,61.3176671,4.532878667,1.331280677,19.19414186,1.020634788
4.925031879,30.04697677,Open,253.2769079,0.170340376,71.0651538,4.667923726,1.455486986,24.58343122,0.793596239
5.087644653,35.28144242,Open,16.3275173,0.05885662,58.71905338,5.044480432,1.36697194,23.90276997,0.858133299
5.084070784,31.98763878,Open,34.65813069,0.248475475,69.92913532,4.812435846,1.758786705,18.86044663,0.865706951
5.087650648,30.06710243,Open,128.7838628,0.173368799,65.15566331,4.424106607,1.53590466,21.21946494,0.345571669
5.034453527,29.93358456,Closed,271.9492104,0.060169372,63.04213202,4.440601671,1.869787724,20.83967256,0.48220208
5.260639501,25.22780687,Closed,369.7755744,0.10100069,65.66801169,4.832417139,1.580881631,23.4959908,0.678987262
5.006931304,32.5345786,Open,302.5015307,0.137682214,67.93339203,4.972478115,1.017489836,19.5424413,0.687680265
4.706618349,29.79897633,Open,196.0639275,0.139183024,70.46698695,4.476475708,1.711208321,21.80225475,0.560143516
4.816273133,27.4900402,Open,59.1620365,0.122116813,66.25257209,4.889942521,1.198089676,20.62813099,0.949916514
4.406294392,35.53230885,Closed,390.3866174,0.162607952,61.43721566,5.066068701,1.546106733,22.94668237,0.800423684
5.608045135,23.74891987,Open,181.8930258,0.093851553,65.2225205,5.177571798,1.345063188,21.56641594,0.757061091
5.258826378,27.88752052,Closed,368.0270072,0.081664117,72.26717295,4.866244552,1.928542207,20.92950859,0.548768945
4.750978851,35.13859374,Closed,256.489421,0.082656801,70.39071234,4.901360519,1.787919585,21.57340685,0.791091027
4.915446545,31.5776147,Closed,369.3310268,0.142918662,68.63505391,4.373363114,1.351635872,26.07208567,0.274663049
4.808937058,29.76070536,Closed,453.6447807,0.118259052,68.18274808,5.21995051,1.474528466,21.16620073,0.767408738
5.462764163,31.25501772,Open,460.514758,0.114564183,67.79780036,4.684901957,1.548919614,19.91798956,0.812636734
4.574036851,30.89707086,Open,267.55339,0.139761712,69.63501934,4.613305768,1.672682814,23.16686714,0.848382997
5.034342818,22.41668727,Open,255.7541824,0.00255262,63.17348486,4.748958773,1.505830382,21.71295066,0.487179647
4.967441647,28.25369057,Closed,132.8392328,0.115503441,59.57965574,5.102334683,1.29502102,19.16953214,0.844963347
5.248051589,38.08260827,Closed,467.8999158,0.110928444,65.276014,5.24160921,1.356488272,26.46299267,0.591713746
4.968797232,26.70337933,Open,228.9595836,0.183440404,61.72967365,4.825081736,1.499103641,21.29504211,0.637506034
4.472537337,28.40849493,Closed,63.79561964,0.023570601,60.77991698,4.999616835,1.746891396,21.24426109,0.943586277
4.92466465,27.29189618,Closed,216.3524573,0.177859332,62.11888569,4.80864081,1.585567572,22.3196707,1.202822745
4.708351335,29.56492388,Closed,63.52662512,0.103770456,74.9412557,4.592440905,1.345317015,25.46023354,0.810271752
5.023873864,27.08438584,Open,251.2658421,0.124449477,65.54449854,5.095348734,1.629674556,18.64050935,0.636580908
5.430253111,32.43370751,Open,280.6377574,0.183795939,66.44763135,4.675574504,1.422603032,22.5519717,0.83773409
4.478172427,30.98656706,Open,168.8778807,0.128038063,60.11054877,5.107106155,1.678081601,26.17454432,0.987805831
4.759933179,33.86773808,Closed,35.82530712,0.120018414,57.62498816,5.059708266,2.005402084,22.25745736,0.924199513
4.834192114,24.74529417,Open,471.7517678,0.112114559,61.72378943,4.922807253,1.428234726,19.52933204,1.348622574
4.885510671,28.29829759,Open,386.6765567,0.075826093,70.75278234,5.165794951,1.660321032,20.76320629,0.656932486
5.222037699,28.87138684,Open,419.4405403,0.098575544,66.33710186,5.246469207,1.350921334,22.41376506,0.850446296
4.947936675,32.27823455,Closed,183.4341971,0.064224362,67.39438037,4.764951327,1.477547247,24.66160783,1.109783591
5.124740818,26.03389401,Closed,380.415515,0.097771655,67.95426416,4.638241176,1.505912457,21.32132831,1.097231847
4.812268087,34.57826902,Closed,242.6864476,0.016796535,62.63460248,4.427146033,1.461263268,23.65330359,0.409984415
5.068977304,35.93207795,Closed,100.5417442,0.121451978,70.55186234,5.248936451,1.992602738,19.12926235,0.799328476
5.233339289,25.05563826,Closed,62.21168845,0.093913137,62.4687696,4.712063598,1.438681385,19.11256326,1.096904153
4.780310135,27.54563553,Open,172.5254347,0.083189813,70.62492944,5.027007371,1.617370308,21.03439862,1.378128598
5.234407436,27.34034246,Open,68.77605574,0.110987904,66.76920862,4.651748926,1.113982626,24.87605744,0.940759177
5.015711831,43.16193102,Closed,499.1344881,0.028321804,57.84381938,5.107653128,1.586399313,22.13774928,0.726427341
5.313638072,27.85049947,Closed,24.59449512,0.1964635,62.00796205,4.659976482,1.728410918,22.57962239,0.59815937
4.93957403,38.38812721,Open,220.5717997,0.094861627,57.86024587,4.561656173,1.394480531,22.55615919,1.243748672
5.114373397,23.66684002,Closed,226.0467612,0.092707778,69.65312853,4.758298714,0.997955572,24.21841597,0.945748317
4.98781813,25.05174517,Closed,150.3159643,0.051730189,64.90105832,4.69364486,1.492269646,20.77955861,0.630386615
4.971136321,26.56697734,Closed,285.6757829,0.101197319,56.08663024,4.919259957,1.50343677,23.37657022,0.759368727
5.077679128,25.77155344,Closed,74.98851208,0.169347995,66.50298753,4.789721015,1.64481501,20.33823467,0.862037303
5.161042241,28.66050633,Closed,391.9561903,0.15179581,62.85134295,4.925540479,1.902180607,25.96654531,0.908761331
4.625130526,26.45610899,Open,166.2238591,0.142721888,59.06477658,4.741795705,1.42398927,20.39921779,0.620076268
5.430090083,25.90329204,Open,295.6712949,0.127319948,71.71186335,4.666978526,1.328742375,20.23522139,0.677161916
4.442101088,35.79235998,Closed,357.819618,0.082072874,65.42914346,4.68328789,1.26661644,23.09933963,0.469413088
4.794556367,36.11896811,Closed,444.5210588,0.027491842,63.82627439,5.20898776,1.539615723,22.15957686,1.007952458
4.971719279,34.74648249,Open,417.8937182,0.089948061,63.40230088,4.845034186,1.595870852,22.65370481,0.731676307
5.123706791,32.61999478,Closed,304.1545141,0.088206427,58.94688212,4.403247558,1.390868921,22.45462759,0.89326433
5.472851758,30.46371533,Open,194.1965902,0.152439722,59.7818044,4.695958197,1.655736549,19.8192156,1.084451702
4.442512554,27.51484655,Closed,251.602335,0.115469522,70.13966714,4.819373206,1.593076815,25.22671786,0.843974028
4.847691761,25.23421248,Open,384.3673967,0.180615576,63.10446852,5.169079936,1.508646338,23.78708441,0.777405905
4.361949954,31.81497852,Open,438.7727713,0.159874427,65.0882708,5.005739743,1.319517056,24.7178999,0.838784295
5.009486592,24.13184804,Closed,51.89096409,0.07717522,56.8226781,4.615656433,1.403627137,20.94333822,0.812638721
5.081505075,25.03039535,Closed,192.4281312,0.01024354,59.72763186,5.283671151,1.01404894,22.83304709,1.049233
5.477238723,35.76456628,Open,388.0582992,0.169278762,67.43925008,4.793767927,1.547157413,22.39473692,0.86216768
5.036190428,39.50324521,Closed,215.8258813,0.167969261,66.51084704,5.049265962,1.505268258,24.25600525,0.691119796
5.313207539,31.96647569,Open,166.113882,0.03168942,72.01350079,4.568998301,1.537695798,24.32049626,1.009569811
5.175151124,35.53228576,Closed,205.6613484,0.175462001,70.37182533,4.320367381,1.600863803,22.38610161,1.046096871
4.869425541,28.77075841,Closed,301.4223734,0.119105859,64.07715611,4.518313702,1.577164297,18.96409774,0.532333875
4.577311776,23.31162907,Closed,499.9025721,0.108034275,66.89181426,4.149933305,1.477923364,25.55932377,1.106556777
5.082500689,33.06085809,Open,246.4962146,0.180739163,63.73358623,5.222417865,1.509733609,23.11197487,0.872942355
4.552369395,32.84644662,Open,104.2472375,0.167234259,73.21923927,4.842906584,1.219136717,20.78312592,0.85665399
5.388562122,30.35834277,Closed,81.42328764,0.132566548,69.59605878,4.615071196,1.383255871,22.81308428,1.001324926
4.951381369,28.78812271,Open,21.17487374,0.123660853,65.67874036,4.890524806,1.510094211,18.9778129,0.686604722
5.358553223,34.81105289,Closed,279.4086175,0.130819715,65.80157914,4.837866807,1.352829285,24.11070613,0.990832903
4.85593567,25.07133483,Open,272.2860457,0.079997128,70.77940115,4.924186679,1.672030159,19.05757651,0.724644906
5.080655236,26.13109711,Closed,102.6169634,0.097244928,67.31831139,5.04190628,1.368273584,21.55833102,0.505009864
5.062804657,24.95946747,Open,347.6647032,0.054884142,71.23451207,4.742015769,1.543261082,22.4889089,0.600448744
4.986486765,30.42486481,Open,370.5535208,0.083348011,56.22540829,4.624032139,1.523313131,24.07767942,0.913404367
4.870202146,24.56053494,Open,129.5491027,0.081668306,66.84491305,4.965555043,1.649255519,22.21308935,0.610906332
5.117736806,26.5787891,Open,172.049882,0.068234732,62.93826054,4.960466556,1.680158235,23.26992575,1.122015225
4.722151021,26.47122219,Open,495.2358362,0.106837325,72.02551195,4.820147162,1.638806522,21.94366618,1.037856691
4.637169401,28.69695834,Open,187.1322339,0.083800957,71.18559475,5.235510838,1.07879876,21.9356281,1.066687833
5.372848068,22.56312777,Closed,380.4008359,0.125111736,65.13134324,4.712435575,1.73882963,22.1709545,0.824955716
5.218150397,30.43602496,Closed,226.3627133,0.018883969,71.14252392,4.620028406,1.805461645,21.62188416,0.851572323
5.019767483,36.23651825,Open,396.6724139,0.09433226,72.13245808,4.883618286,1.403575143,18.62685951,0.561257629
5.499542715,30.67745686,Closed,384.5116194,0.106577582,65.29762669,4.665012429,1.547329383,20.46335301,0.999156702
4.919670344,37.70660572,Open,333.8780126,0.084468538,74.88773509,4.899103305,1.321833664,22.48954968,0.875966691
5.396810966,36.66999093,Closed,427.3891731,0.091380365,64.87463539,4.633398349,1.110324299,21.50175799,0.913461125
5.052672225,33.88867524,Closed,469.6092474,0.020737699,64.1419162,4.719951543,1.352256947,21.68838184,1.137662362
4.692574775,30.37342921,Closed,289.9916602,0.117823855,68.46349035,5.178168084,1.391972192,21.35329266,0.678807403
5.554412058,30.11250194,Closed,118.7344536,0.132380299,63.58483708,4.718882529,1.429029854,20.27280321,0.77477169
5.297213254,33.81899886,Open,199.3144808,0.124676865,65.3413591,4.640229691,1.308217182,21.01380108,0.865334184
4.963693691,28.04164695,Closed,379.1528568,0.151936353,70.6377377,5.034135758,1.353314967,21.38633651,0.612912919
5.218151378,20.58739624,Closed,325.4417426,0.11007648,65.07687541,4.58979161,1.497798736,22.01028628,0.762480236
4.87888897,32.46002027,Closed,88.89916928,0.123934059,58.21992883,4.661411354,1.345954603,22.78675669,0.898589962
5.248744711,24.34465685,Open,25.61977057,0.107804537,66.46927755,4.915312224,1.608704867,21.63889942,0.734915746
4.28267643,25.18929386,Closed,341.4807968,0.134377536,62.21482568,4.987682285,1.63633213,19.94068949,1.061797882
4.6940596,30.00111974,Open,125.539512,0.021138518,68.46108463,5.044095278,1.976077549,19.20383592,0.497815088
5.293777923,29.52437561,Open,249.8351219,0.055320952,67.78475886,4.650555634,1.725135986,27.19487441,1.024554248
4.925103339,22.93962197,Closed,373.3733863,0.179344983,70.88560139,4.919201735,1.548620612,19.74036994,0.932237095
5.062262688,30.82745782,Open,281.3333903,0.023021791,68.6301292,4.70677836,1.375947141,20.96275,0.686234282
4.595964301,34.8306983,Closed,41.65129156,0.092991104,69.36097713,4.678868873,1.55874947,23.03400061,0.615118286
5.554360099,24.35829215,Closed,92.79011839,0.158613748,62.32361296,5.040642556,1.565319192,22.72172122,0.383943477
5.357158893,36.36241665,Closed,109.664092,0.095336967,68.21594598,4.690089121,1.397337382,23.04173139,0.640964998
4.939794434,22.19914587,Closed,128.9321268,0.079749446,72.87380516,4.855640919,1.656746279,21.11456586,1.009435331
4.878591243,40.58662072,Closed,282.701696,0.106471084,62.24540037,4.831115894,1.220380397,22.47711614,0.788782855
5.308881308,27.94369785,Closed,251.9828899,0.082343991,72.19895317,4.585849125,1.451120033,22.12268733,1.032596176
5.594741135,30.72808498,Closed,101.5800192,0.101542475,62.80259964,4.993218571,1.611171692,21.37573726,0.676025786
5.286128077,20.53983214,Open,33.77742173,0.065830948,61.59211502,4.912056179,1.44248317,22.49081948,0.941421232
5.6515408,29.68931967,Open,85.71610224,0.155433721,66.18480177,4.402741878,1.458649119,24.11073109,0.65650028
4.723294601,31.14241089,Closed,492.1906563,0.171163246,67.86364166,4.855484222,1.472442828,21.95559955,0.606884999
4.754183951,29.56918948,Closed,234.2734749,0.093330484,68.6470005,4.645405313,1.332879752,21.96890569,0.778574557
4.643317665,27.18459461,Open,433.6727524,0.030675529,61.15295032,5.019415061,1.734780186,24.13632207,0.667006698
5.132528195,25.26717741,Closed,424.3762333,0.073807841,66.73816039,4.510920033,1.296392466,23.92272072,0.49143557
5.052681065,35.6526331,Open,255.7597787,0.090800567,62.25778171,4.728704606,1.563631865,25.16787288,0.76353706
4.954414663,30.15403567,Open,353.3438542,0.125276944,59.04431098,4.87240491,1.58272958,18.48753953,0.821287083
5.242777588,37.70376188,Closed,96.37600521,0.049599339,61.28505474,4.810868059,1.31027562,23.81023837,1.053671722
5.369698582,27.36758823,Closed,344.1983525,0.061541884,61.99639854,4.952591651,1.514620851,23.20316009,0.987361135
4.542301277,27.82602653,Open,136.1922896,0.125533807,67.08638064,4.496315603,1.318073565,20.2286952,1.04398864
4.820908392,34.07797122,Open,416.0310484,0.146945442,69.60885465,5.130382867,1.778208495,22.50317584,0.9440715
5.246043078,21.88512519,Closed,41.86206655,0.068920298,59.10717348,4.905028932,1.272243413,24.1022435,0.866522552
4.859678395,23.9326832,Closed,386.5693364,0.033339147,66.4078443,5.071943643,1.369220581,20.34168216,0.554211019
4.760538177,35.48742486,Open,49.96845328,0.26420591,60.29320726,4.974848034,1.255154998,22.88512486,0.82997444
5.305561228,24.14033035,Open,440.5946184,0.139165212,67.51634164,4.797677977,1.228460255,23.74270735,0.919358755
4.613149979,20.90474492,Open,152.1022591,0.086649812,62.50907768,4.543160358,1.818243058,19.85796087,1.09148759
4.909526058,39.34263594,Closed,327.1966824,0.143451564,60.79468393,4.687289364,1.608554935,21.71542862,0.937257708
5.098593208,23.03091176,Closed,243.7511393,0.093777169,68.19865806,5.117912667,1.528058685,22.60193675,1.048076687
4.827854026,30.92059699,Closed,183.1515726,0.143357844,62.65230958,5.077087556,1.368684607,20.40773699,0.593600422
5.234946697,30.34542596,Open,322.7209166,0.10796966,63.73614419,4.676080004,1.681522362,20.2416936,0.734716475
4.829336907,15.94685842,Open,473.7614903,0.104563595,56.12004365,4.236339143,1.335155512,21.7299108,0.885870143
5.422585848,28.66341488,Closed,20.63487369,0.094320907,68.78620545,4.757462053,1.658727859,23.60327943,1.032190538
4.962276111,32.24206625,Open,459.4264279,0.027630933,68.28363408,4.742459422,1.325497745,23.287468,0.770954271
5.201381041,31.77154691,Open,304.5408275,0.196904745,65.02183138,4.750045478,1.37109846,20.27717454,0.783510808
5.223807186,34.51760342,Open,403.6571504,0.052923304,58.88967623,4.90570784,1.651656477,23.30433577,0.937428061
4.811737999,28.06254343,Open,191.9374767,0.031998821,69.83747671,4.975242516,1.672765469,20.32812045,0.574825835
4.383954035,33.56252221,Open,235.9214874,0.089357006,62.33494645,4.998059909,1.619494587,18.7796604,1.12148091
5.108226726,26.55335466,Closed,434.4253759,0.051926409,63.1865862,4.889141828,1.290065177,21.26571286,0.624172781
5.021686504,22.94766292,Closed,207.4239849,0.09741436,74.24817623,4.43984586,1.410654627,24.24593874,0.416282115
5.166747808,23.51135812,Closed,267.3297834,0.134388192,62.18545422,4.731760053,1.531379748,23.3119211,0.802013402
4.932041758,22.68944772,Closed,10.09746154,0.149765145,67.96883985,5.260817957,1.330143808,21.99685639,1.13969174
4.87087169,35.04792984,Closed,79.29900292,0.140736536,67.24836905,4.874843347,1.774192552,21.16658903,0.917290626
5.602541903,22.42713245,Open,320.843254,0.084718397,66.56068877,4.873563914,1.019610611,21.22047573,0.950218109
4.558293782,31.3701942,Open,358.4884505,0.102479591,66.12800217,4.871897188,1.344252097,22.21756981,0.808277152
5.220185144,28.67037903,Open,291.3004684,0.120393953,66.50555425,4.883075925,1.398086699,19.86312503,0.769524501
4.827619443,29.48675713,Closed,71.65501814,0.012110629,66.08776236,4.323377564,0.931211267,21.30378531,0.491018126
4.899266415,36.81803648,Open,222.7027143,0.128529235,64.79232656,4.752095137,1.220754174,21.56886108,0.348122748
4.90486915,27.80786316,Open,177.5473832,0.027135036,71.0451325,4.792421434,1.625057903,19.29785108,0.839254468
4.758969718,33.05800781,Open,247.830672,0.20201733,59.74935776,5.05629908,1.506056727,20.3231035,1.062509839
5.171367263,30.18781676,Closed,435.1645173,0.079774246,69.08583242,4.809534579,1.814627204,22.82101358,0.868826741
5.417193079,29.23990547,Open,387.9307193,0.090756241,68.28936919,4.470697723,1.809045289,22.01902368,0.924719905
5.141004098,41.49984562,Open,41.99475069,0.061514645,67.79359649,4.886017831,1.586609276,21.38247642,1.116743509
5.031014599,22.79329127,Closed,445.1545989,0.068501498,69.46791771,4.63923507,1.56264765,20.17714512,0.86575337
4.70406785,36.44565918,Closed,235.8835756,0.213704678,64.62960242,4.556642872,1.513186222,25.15369965,0.77546898
5.15504758,33.28203283,Open,371.9310724,0.147018484,57.5241037,4.633168191,0.968983596,20.32404157,0.636295039
5.64690489,27.60237503,Closed,70.01961563,0.022539878,64.71082936,4.908500846,1.221088097,22.50318561,1.204442513
4.885791613,38.14659259,Open,335.3597629,0.175210645,61.03522313,5.051752248,1.520135101,21.02426182,0.905309556
4.887204926,20.75944944,Closed,118.1630088,0.159662114,62.07256316,4.896585989,1.623205142,22.07255859,0.611279657
4.831673261,27.39116671,Open,219.1904486,0.085939377,60.0303213,4.926404645,1.557933962,22.91521948,0.565766466
4.85317573,23.95758898,Open,8.431435041,0.115334847,63.09062057,4.894609055,1.321507006,19.25948682,1.050612745
4.176410134,32.06041732,Closed,75.80531897,0.099252796,62.61350522,4.820265435,1.687481256,21.98676751,0.592511661
5.121510616,24.43467949,Closed,46.04024656,0.198628995,55.48972068,4.939386127,1.796488806,24.3814573,1.170766832
4.746334347,32.16531973,Closed,119.8720865,0.060185491,67.80088765,4.316244907,1.68759792,25.52300379,0.248707441
4.516921064,29.06781792,Closed,50.00904501,0.10730053,73.88128743,4.82221767,1.697919866,21.73997205,1.08451904
5.225956985,27.60323029,Open,345.9550133,0.078592733,67.42494877,4.591014993,1.38815484,22.08336241,0.897378962
4.675394664,31.94323623,Closed,14.5199511,0.02834798,64.18830417,5.032580515,1.715186825,26.42266606,0.823718885
4.898399284,28.65689188,Open,308.8702503,0.209581913,64.78101442,4.770568939,1.529151728,24.26984856,0.764908313
5.439932717,24.55682578,Open,70.35391541,0.040921671,63.31605653,4.806189618,1.602311106,20.76543086,1.17814597
4.577235261,44.00686495,Open,472.5807286,0.111006459,65.36016634,4.498985625,1.573086369,20.7620331,0.941411772
4.54022053,27.56416408,Closed,466.5470366,0.01296497,64.85196762,5.003366178,1.475702579,23.91309892,0.619359278
5.080791857,18.9119546,Open,112.7515513,0.080046473,61.63580628,4.925465624,1.327999505,19.97792574,0.456218009
5.344846209,25.78950655,Open,307.2106491,0.121098441,71.73155356,4.911389576,1.483572667,24.1754535,0.835459443
4.527697485,23.66361656,Closed,14.00265974,0.058763301,59.05138306,4.63739543,1.697352323,22.66859993,0.799785773
5.122306921,34.13072808,Open,465.8942715,0.129340093,67.87332617,4.645272031,1.411704839,23.03544153,0.496026393
5.174299862,31.6082633,Open,261.4936541,0.086547945,64.59520949,4.844719891,1.678669453,21.48653239,0.788921295
4.382251855,31.99356401,Open,21.61157571,0.158004126,72.60332726,4.661100318,1.647414134,20.74035039,0.685213073
5.239550401,28.14988767,Closed,171.2499965,0.168088046,66.3634584,4.886978593,1.440212521,24.92398566,0.801858014
5.262981764,28.60324876,Open,38.42473093,0.070662762,63.56037785,4.367817479,1.777760021,21.50652544,0.945184722
4.906464328,28.14534448,Open,196.4722197,0.103836643,64.00917121,4.702491089,1.428890666,21.17812985,1.098521989
5.375703909,29.59403408,Open,334.9631711,0.109172711,65.15962678,5.159350693,1.801909373,21.83972586,0.981777807
5.340936672,34.17666718,Closed,234.944954,0.130967465,60.42883722,4.887897166,1.586825396,22.38604427,0.65571185
5.030935378,31.68037706,Closed,191.8610874,0.1007191,61.9325219,4.833358733,1.496826816,19.93834975,0.873783026
4.864566383,32.50056415,Closed,59.57852277,0.109510548,57.86022412,5.197045307,1.322439724,20.87025701,0.812621424
4.708151632,32.49779454,Open,122.4695228,0.087829676,61.30809241,4.332809276,1.482347954,20.76393585,0.533574209
4.988730947,34.42221219,Open,50.07164387,0.105761993,65.37562593,4.636937777,1.459248097,23.69056061,0.879646557
5.170927676,31.44075021,Open,403.7493658,0.16489701,66.2007002,4.719765366,1.248340723,20.22807486,1.171334468
4.902746942,31.79424036,Open,67.61991399,0.132304162,57.08268122,4.971670247,1.456476915,18.48846428,0.806485321
4.340749698,35.94403121,Open,297.6866833,0.135062782,64.45115319,4.975131273,1.339239364,18.06581087,0.481163464
5.380614168,26.67477041,Closed,171.3702068,0.136153516,67.2536398,4.626798658,1.617198354,19.05923973,0.806053734
5.057066967,25.7212871,Open,112.9891923,0.092309561,64.34835123,4.999590864,1.761256095,24.72307641,0.55725756
4.886112651,24.070392,Open,319.7342197,0.115941352,62.46484542,4.719337047,1.254616865,22.0324132,0.972721101
5.257147517,30.91457282,Closed,228.5011547,0.045741316,63.35135542,5.042327925,1.842461546,23.00249817,0.904972998
5.457391579,20.73133879,Closed,200.0727336,0.163440383,62.83694658,4.59347146,1.474289793,23.07297545,0.765817989
4.159426529,32.31077048,Open,296.4260024,0.039148022,62.45307776,4.77533768,1.304995723,22.11236784,0.733767147
5.130279095,29.45403453,Closed,245.6338142,0.09564258,65.6952941,4.701966537,1.651550956,21.85043741,0.75755314
4.572005237,35.6731985,Closed,151.7421043,0.157044799,74.23075291,5.011206074,1.410709104,24.08905286,0.801654899
5.149733152,26.64041345,Closed,279.5306439,0.031806603,62.02520033,4.695443757,1.483652665,22.29199183,0.645552996
5.038378161,28.98340857,Open,334.7492883,0.119988996,63.72742947,4.791510294,1.419144351,24.79819496,0.522449384
5.190717958,35.61101667,Closed,13.34657929,0.065961678,64.79320824,4.90136228,1.336652414,23.24165989,1.027739789
4.850225716,36.91567823,Open,232.9358645,0.081559837,62.25058226,4.909051697,1.644799406,20.76440745,0.722919805
4.438027966,26.59923817,Closed,28.84164229,0.147297048,69.39294321,4.977390521,1.442739719,21.00573195,0.833408621
4.864889543,30.90890616,Open,93.20270703,0.109902846,55.51645851,4.842224955,1.212669642,20.54507039,0.85705639
5.122054291,31.47209489,Open,280.254367,0.001717793,62.87576332,4.716350217,1.610212025,24.43509604,0.864404096
5.304617699,31.86826703,Open,433.0944576,0.051178723,68.27325495,4.730060251,1.25888353,21.18989809,0.565236401
4.64845061,28.6871217,Closed,441.4028396,0.148766787,63.82362277,4.805134463,1.269347965,20.40305441,0.464831967
5.308118128,36.40691699,Closed,34.97200507,0.122447136,61.71664416,4.849918495,1.738521241,22.63955608,0.682261495
4.805638313,20.55148258,Closed,209.5525431,0.187406779,66.76302702,4.77056567,1.26073202,21.80566579,0.879142306
5.108734964,27.89434883,Open,291.5032415,0.18413238,68.62537294,4.803840684,1.036711029,22.58913703,0.654410027
4.847031814,32.23965366,Closed,73.53495228,0.082887743,65.84254178,4.496549228,1.624572297,25.77962781,0.729015729
5.054651188,32.28612406,Closed,382.7161084,0.22516189,61.79511856,4.933471057,1.439227314,23.82614161,1.225459483
5.26756329,36.76379515,Open,372.1176292,0.101223983,66.82481328,4.836222458,1.456468976,22.05402111,0.430915223
4.631895777,35.99112697,Closed,451.6705069,0.051866573,63.3918028,5.000374083,1.437099921,19.18315323,0.648993201
4.796028231,28.57229187,Open,4.243006042,0.068318007,67.98074753,4.800032101,1.546333988,21.00007501,1.179320814
5.055488776,36.49935622,Closed,108.342122,0.012836255,70.93303554,4.452320484,1.349456152,23.42209221,0.791080266
5.720475098,26.42979128,Open,413.5933571,0.18035095,54.57769298,4.728310762,1.795222975,19.65791792,0.658802967
4.741043086,34.65443691,Open,335.2900254,0.179738099,65.44426989,4.760014015,1.204753904,26.28194059,1.033753783
5.612040166,39.05261239,Closed,447.1949268,0.049224628,58.05706425,4.948580661,1.588974983,22.02883313,0.811046087
5.601326991,36.07472053,Open,28.58982727,0.088605786,74.76715434,4.385945291,1.628424201,22.09769679,0.730338321
4.970806655,30.52885192,Closed,298.4819829,0.104780377,63.12750186,4.808235903,1.348069648,20.66670961,0.838473785
4.910554242,28.34110614,Closed,284.5232874,0.051982347,67.98549297,4.902735043,1.295253111,22.99347551,0.668378238
4.79238044,22.35704352,Closed,17.83720818,0.012244898,64.85873256,4.667702423,1.703434843,19.68399639,0.596501787
4.979539241,31.55269819,Closed,256.7610385,0.08948212,61.78766168,4.814925602,1.301827849,26.32978518,0.777280614
4.57798417,24.42391386,Open,304.7601557,0.083946029,61.31178781,4.674592698,1.378667212,24.63470261,0.597800608
4.977128295,26.03432668,Open,95.6465871,0.080579438,71.34271669,4.654085413,1.677461792,23.96859289,0.802138662
5.449064082,24.046271,Open,136.6647916,0.111135803,68.82375224,4.71831603,1.506948247,19.21914199,0.870881313
4.816674481,27.69803834,Closed,320.1736731,0.171475983,72.77433635,4.657861602,1.140571266,22.41082654,0.970612091
4.927782709,29.86015293,Closed,234.1504738,0.084845364,65.22181334,4.936723662,1.849411829,24.4181728,1.025584997
4.489657858,31.36807291,Open,429.0068288,0.10852215,66.15167848,4.653009625,1.393997848,23.1862108,0.7188527
5.112218626,26.99746682,Open,171.190883,0.136343526,63.93123374,4.619417999,1.419448542,19.99578179,0.899882922
5.079344505,35.34641853,Closed,133.3298292,0.127707146,63.85167119,5.153585733,1.55115685,20.69981249,0.898504689
5.019110708,28.95897371,Closed,492.4329702,0.069278824,60.83245227,4.992148002,1.625015359,21.09612772,0.865563743
4.934951885,26.06138783,Closed,455.5678851,0.104818856,65.33604076,4.427697328,1.892220858,20.79312433,0.704108118
4.912172624,31.13146134,Open,14.4963725,0.127376991,61.84301362,4.647046342,1.16798637,25.05755767,0.594386438
5.15057007,39.81776417,Closed,385.3643077,0.043582433,66.76763569,4.848492594,1.665190442,18.15797372,0.900400378
4.99135502,31.67580283,Open,55.16738691,0.163176951,65.68004088,4.864751013,1.648601939,23.31183828,0.458627488
5.094491561,28.18572186,Closed,13.74259741,0.171579445,66.15072817,4.501901427,1.472567018,19.41539325,0.746432113
5.064494845,22.36269322,Open,136.847758,0.063860987,71.70051976,5.031713099,1.657454739,20.07749703,0.289273797
5.337028186,28.9029384,Closed,134.6729395,0.109683501,64.8491282,4.965044884,1.686854804,17.98053327,0.532719515
5.203098229,31.17464063,Open,409.6593812,0.132113913,68.02690801,4.896380326,1.223607443,20.90189114,0.624573212
5.057858553,28.06209554,Open,355.333623,0.072719292,73.20603786,5.071345698,1.849953301,25.0214633,1.019344842
5.455526609,21.67307681,Open,490.8047137,0.124080692,70.22646828,4.890457999,1.188247549,22.52964848,0.937621605
5.126080559,25.74717305,Closed,355.7564502,0.108162781,69.61267879,4.889716176,1.272936744,19.60327691,0.689213063
5.391488807,37.2726923,Open,209.1277766,0.026604091,63.77324714,5.111535854,1.447642465,24.03429535,0.945873959
5.182082783,37.17000502,Open,349.4638305,0.122958066,65.91857222,5.020243916,1.884988103,24.46260853,0.977524593
4.447424276,25.56680415,Closed,499.7295336,0.044992879,59.72689483,4.631698508,1.438348674,22.20809296,0.76786703
5.391450429,33.36378394,Open,355.0709413,0.146960143,66.9956576,4.926639036,1.493613222,26.06949832,0.523124371
5.040552872,24.10713608,Open,380.840678,0.066439446,66.09784071,4.667146427,1.786415721,23.64312825,0.758417538
4.984413569,37.02158141,Closed,469.1825076,0.091935728,65.0935405,4.90083091,1.439936371,23.36530501,0.780421519
5.084404504,31.22617924,Open,56.82563066,0.168613946,69.10877915,4.895322701,1.264312657,20.39324259,0.553509122
4.896505051,34.74820749,Closed,352.3921467,0.124819082,60.16890071,4.523306538,1.416553033,23.25479697,0.873409359
5.068108658,21.42453326,Open,425.402979,0.046026304,71.5394514,4.775630878,1.774158367,22.43358256,0.855962371
4.82243718,33.38818551,Closed,477.1893001,0.049254171,68.60705875,4.853051405,1.514172999,23.03965801,0.88900854
5.382281678,29.96162968,Open,105.4846449,0.070034861,64.71746408,4.712741962,1.886131652,20.63082876,0.855784619
4.965923566,34.25964535,Open,251.9645039,0.119732204,64.40508165,4.862941988,1.647586985,22.25619777,0.945968607
4.885224847,34.57433899,Open,340.2774238,0.117914991,66.92244486,4.961179555,1.371038213,20.366277,0.764134394
4.722522255,30.32892345,Closed,123.7338648,0.057844885,71.08340493,4.793881387,1.510215261,17.7057358,0.840357021
5.080632737,26.9958518,Open,300.2364316,0.041639526,65.40643087,4.844919895,1.329356376,23.99660914,0.720451943
5.05613213,33.89848091,Open,128.7893912,0.11407917,65.57612361,5.076684816,1.366313394,18.99522204,0.683100157
5.116527384,29.6992275,Closed,166.7285103,0.090906997,65.07247391,4.894639317,2.39581685,22.21437293,1.067649926
4.691824434,25.63607523,Closed,220.7593483,0.207860794,72.12809645,4.840164858,1.703724902,22.66600426,0.39124626
4.51964564,25.39923884,Closed,264.5950494,0.101830183,63.52446759,4.608384124,1.672219598,22.65312603,0.975351998
5.187677391,22.61417792,Open,224.6829358,0.190712641,64.88196961,4.934205202,1.375363937,21.43384185,0.675891825
5.445392559,27.4485442,Open,246.5977599,0.04148082,70.85374262,4.86602999,1.813916813,22.54242295,0.649992364
4.692093913,35.51346023,Open,149.2943781,0.021339353,65.58804333,5.056747887,1.71988312,22.94193414,0.852315497
5.476832385,30.889149,Closed,79.48254701,0.043995743,69.54823544,4.809375709,1.876324258,23.46992963,0.502078078
5.085173318,27.35116147,Closed,23.67498866,0.159456489,61.35487977,4.4367467,1.86662283,25.46688268,0.636795386
4.997881129,34.02427969,Open,97.98936125,0.187805079,64.17882991,4.459975826,1.204182142,22.4683883,0.630172071
4.880735391,25.83761689,Open,290.9718208,0.060891027,70.93773615,4.947136153,1.278032102,22.12809769,0.755720348
4.584644594,30.47675137,Closed,393.0577239,0.076971699,62.29464114,4.68596128,1.299242437,20.18654207,0.639172462
5.296318555,29.10184814,Closed,84.62379872,0.041550954,64.39480384,4.88735355,1.311211871,22.87189265,1.120223737
4.767318092,33.89565313,Closed,54.27767889,0.009418008,66.02674092,4.822846529,1.564690473,23.33476621,1.159403303
4.766057997,22.11385815,Open,374.6451803,0.135920585,61.04338193,4.766632066,1.38663931,21.61539363,0.395601295
5.297577893,25.74901127,Closed,152.5791653,0.111151015,63.34475953,4.780727743,1.914519708,23.08922501,0.908864541
4.435104966,21.8087717,Closed,475.7497196,0.100524399,65.45054673,4.626922099,1.880935976,21.41496761,0.971732688
4.542920657,28.70201639,Closed,357.1589853,0.029997173,65.18672694,4.796844462,1.498707681,23.3419853,0.90859704
4.994559727,36.05713752,Closed,163.3780236,0.181997834,70.12140808,4.683101313,1.891065243,23.82520463,0.668377301
5.087985329,27.47276395,Open,144.7713739,0.074832163,71.16582878,4.725548696,1.797626925,23.79725573,0.751180888
5.145420394,27.44658031,Closed,261.8491931,0.126681321,61.57566051,4.735270191,1.409858688,22.23568865,0.650345069
4.909460452,34.35862212,Open,39.57233414,0.02727193,65.44507408,4.754661346,1.098156931,19.9200637,0.715947194
5.759110901,35.34274779,Open,58.83825632,0.090473741,67.69699323,4.984434691,1.456406323,20.77617389,0.558006994
4.931632232,29.55714466,Closed,87.92894066,0.114568723,71.06538986,4.774041834,1.371075574,23.19031465,0.777042236
4.930764154,33.42357427,Closed,387.3617967,0.116353761,67.87396119,5.004740467,1.541301125,26.89762461,0.499439658
4.760903999,24.6152273,Open,256.9286796,0.107732427,66.16365361,5.10757099,1.517845657,21.31855846,0.759973089
5.037172045,36.88987167,Closed,5.283561387,0.124726125,67.66617013,4.97098893,1.512603532,22.91167536,0.550283662
5.18448837,40.74353147,Open,336.7582637,0.043473977,67.69507534,4.906893707,1.604736948,20.88789489,0.841363272
5.361073416,32.60607896,Closed,211.8450893,0.10986863,61.28914283,4.865366442,1.257495611,20.05206591,0.664116088
4.553214721,19.57834189,Open,255.4261825,0.105687884,65.77119517,4.973071742,1.582272056,20.64736827,0.85811607
4.926201398,27.20884869,Open,107.0581217,0.111583634,70.83664398,4.817872148,1.412076769,17.83505605,1.016316146
5.134011083,33.06412661,Open,275.8911142,0.103617261,64.17057293,4.996913969,1.53999644,24.70687013,1.117889387
5.17611726,27.89258501,Closed,489.5766199,0.036339361,65.51778657,4.922821161,1.691481969,17.53973949,0.294399082
5.001964597,36.36099277,Open,36.7223455,0.034110012,64.0299342,4.728031908,1.255120045,21.47234354,0.633161181
5.162727191,32.94078632,Open,141.9586998,0.010713409,55.74456202,4.979170176,1.443741269,19.64374421,0.739382785
4.757310832,26.4676225,Closed,121.4987964,0.140876725,65.08236071,4.818296001,1.476293153,20.23123957,0.892065564
5.46737163,30.16132405,Closed,124.2746554,0.141382875,66.20716772,4.778773598,1.397146206,24.75304532,0.469929099
5.297788431,25.5308339,Open,189.3531788,0.142177515,62.95002644,4.704760168,1.679965899,22.40213398,0.603581519
4.596521664,29.08707561,Open,409.0548924,0.115339498,60.3814522,4.83320377,1.355922328,20.06920768,0.826071441
4.677469086,27.2270338,Closed,456.429345,0.006655961,61.47757416,4.999292523,1.38891992,20.82096574,0.816977648
4.685923475,35.873809,Open,101.1075437,0.048664475,68.05675046,4.977788001,1.358016173,20.46903756,0.875523681
5.203390991,40.58006028,Closed,271.474969,0.108520771,72.89009909,4.870678759,1.718411082,21.91290866,0.888735145
4.61458167,22.84405833,Closed,318.4494861,0.1067759,70.52973336,4.919928728,1.401511178,22.34578337,0.867718887
4.9006927,20.38391857,Closed,260.9137372,0.088862589,59.62261598,5.054339358,1.592009078,25.79114955,0.838731063
5.136411319,28.77413789,Open,217.0381971,0.11844586,68.41850924,4.770006742,1.89514102,18.16739847,0.811147955
4.98015022,22.40792151,Closed,95.98775293,0.100582585,62.3473505,4.576915999,1.485036316,21.93037537,0.932952618
5.077666255,30.23105802,Open,244.1096796,0.106038523,62.67093175,5.06022597,1.722412136,21.36886461,0.352135467
4.680259187,33.74468057,Open,200.6074139,0.068046733,63.15209761,4.69404435,1.834270817,23.89309706,1.108866697
5.178456312,37.47070949,Closed,397.7816813,0.149100549,67.8242678,4.661932375,1.705438312,22.70963624,0.35910359
4.816036432,31.00697279,Closed,381.8021796,0.07846142,68.83701351,4.440760449,1.496639737,23.18072442,0.584167637
4.902614098,29.03422388,Closed,66.9993406,0.033467546,64.60787571,4.914256611,1.628421552,22.69017237,0.754647841
5.071319518,20.10807542,Closed,44.25952628,0.061450049,64.67571704,4.475709475,1.242524281,20.13601775,0.934522578
5.030923466,30.13092575,Open,454.0769716,0.08257669,66.85705497,4.649948238,1.343991368,24.42253099,0.200946622
5.007194006,30.3564363,Open,267.7541945,0.149700139,67.27197816,4.917647359,1.379064964,23.59700981,0.794375135
4.774811953,33.19478407,Closed,428.9004686,0.0978866,69.70490283,4.94438425,1.948122424,23.83105958,0.958479008
4.910135177,26.45755949,Open,29.07556028,0.090692589,59.8625121,4.66965917,1.337483097,24.52810034,0.998903623
5.000655077,27.824737,Closed,263.2578083,0.037566829,65.08010936,4.773169335,1.33450465,22.8353502,0.660534068
4.58747443,22.60998872,Open,269.7132573,0.139274129,60.7279025,4.625481095,1.291215804,24.96198481,0.739832943
4.86124011,18.54353597,Open,430.3510163,0.067402392,64.79623088,4.690320642,1.611962352,22.75527914,0.676770374
5.116303964,24.45751455,Open,48.80499911,0.094998607,64.09529885,4.853243052,1.528524279,21.56188282,0.721465069
4.616769019,22.14837093,Closed,120.2227818,0.174009154,64.81300218,4.699670664,1.717351795,21.98679218,0.59363469
5.346974495,31.68356148,Open,203.2691569,0.125438167,61.80102845,4.751156992,1.634251933,21.95231246,0.622149568
5.380883979,27.40932972,Open,432.9207377,0.018587298,59.05084083,4.507058664,1.223922031,20.96121736,0.886875384
4.626454827,27.30881435,Open,469.4416575,0.011524488,56.62224989,5.026591233,1.338544446,25.2637777,0.826323075
5.40728589,25.07793477,Open,496.3623098,0.096784477,64.47527938,4.902013319,1.77306575,22.59259073,0.898317302
4.956925523,13.83717284,Closed,479.5967432,0.039362969,63.27599558,4.958581074,1.459340351,22.18947695,0.842802878
5.125554368,37.54155374,Open,2.970877922,0.132427337,62.29624934,5.058085065,1.737518364,22.77654851,0.94086772
4.851004684,24.99864739,Closed,23.85417073,0.102113153,70.29019385,4.634957425,1.47006381,27.95970903,0.9756428
5.276913448,27.93789965,Closed,73.80340958,0.108269238,61.56224725,4.728321103,1.306468714,19.73655162,0.451656676
5.121828206,22.72553917,Open,174.4310484,0.064662841,70.66733633,4.421033126,1.439347844,20.30992298,0.62913807
4.755754023,34.85965172,Open,414.9590155,0.187069183,71.49537498,5.428084582,1.306390041,19.23885797,0.753724809
4.6504394,30.71714469,Closed,446.3280977,0.242129686,57.19639813,4.770082937,1.386889448,21.53480152,0.795464495
4.561909269,25.86817357,Closed,93.41720315,0.086070764,65.36952584,5.00774558,1.540185141,22.49103689,0.665981885
5.056382533,28.03885194,Closed,309.8320758,0.117651962,63.40121404,4.552367771,1.602321018,21.06935496,0.982404734
5.171741424,38.39089961,Open,458.6809925,0.104870867,53.35278422,4.999277685,1.181961735,20.9205464,1.195989674
5.195289704,29.63515284,Open,231.865868,0.087015657,59.22143499,5.171518175,1.496526398,22.28480973,0.837232391
4.964605672,29.09133231,Closed,51.77178598,0.058396477,68.09974443,4.78794385,1.382676853,20.99578435,0.816868206
4.652901063,25.29309257,Closed,228.906825,0.045751601,73.07679701,4.597823701,1.370317038,22.62035165,0.969891251
4.795377561,20.52709425,Closed,187.8974511,0.043220137,68.61071257,4.77224072,1.526536924,24.22846869,0.426832049
5.345704592,29.19980663,Open,288.828998,0.120262001,66.29452989,4.354647695,1.389909625,23.35406094,0.805693788
4.854611431,31.62742556,Open,219.3293422,0.074016276,64.91467047,4.79242266,1.776427599,23.76202669,0.995807165
5.043025289,35.49792232,Closed,8.672963427,0.028914643,71.73065166,4.964193428,1.737612375,24.17183682,0.671369201
4.677304855,18.75751733,Open,496.9988667,0.122242911,73.59295681,4.792848471,1.736365659,22.56565632,0.554687884
5.100974914,24.37451836,Closed,271.7701189,0.098086936,62.65262928,4.743172089,1.401017961,21.68271795,0.762838878
4.862694631,27.09629455,Open,236.8153777,0.16733365,57.00005376,4.905513623,1.307500233,20.45549386,0.787862913
5.314013814,29.98259576,Closed,477.3086858,0.11865612,56.60725015,4.920804969,1.516405986,21.21764367,0.618269544
5.232067312,29.27483154,Open,77.93018379,0.02606632,70.28752397,4.468018887,1.469930327,20.95262893,1.219232255
4.851288216,29.39155657,Open,94.61880127,0.011483832,64.81176584,4.817764592,1.378235368,23.46334465,0.704260724
4.962000792,32.04048029,Open,404.0073745,0.064026381,65.73296764,5.287197025,1.264853111,22.69356511,0.56926813
4.834665128,25.48353445,Open,130.41554,0.068744629,57.83739603,4.532996751,1.491696406,23.39351573,0.781275736
4.574170041,34.67070721,Open,399.6135531,0.14715796,61.98724435,4.782916233,1.41918611,19.67932629,0.981572128
4.742767271,32.16726221,Open,135.7667415,0.099556453,63.81807674,5.188349224,1.637669407,24.86349897,0.80348285
5.059465198,28.40083868,Open,16.59381511,0.156684425,65.83135353,5.020835031,1.63302121,21.14603926,0.897118784
5.097577849,38.00453996,Closed,258.5073619,0.033758347,63.40563184,4.697320664,1.720159961,19.79996672,0.625697881
5.044564371,37.78208018,Closed,98.34321706,0.148263219,60.85069521,4.841227076,1.24814089,21.12156447,1.097537689
4.909480084,34.66447678,Closed,378.9231465,0.136049458,61.86173203,4.799577664,1.580211662,26.96753199,0.912342206
5.279919982,14.90721615,Open,320.5998166,0.000911706,69.83329314,4.650385639,1.354506859,21.22456627,1.009540314
5.019062571,37.89472546,Open,461.801334,0.166130892,65.97913848,4.785149579,1.255917158,21.34980706,0.873032126
5.210976148,33.97379261,Open,391.4941786,0.104672925,67.44862723,4.744006773,1.414279553,21.61579064,0.964976808
4.46786746,40.03204319,Closed,90.38797742,0.119602225,61.40450476,4.822549788,1.713740996,21.70275923,0.625389488
3.823279925,36.18732296,Closed,400.0791183,0.056755194,53.18470606,4.650323364,1.425536329,20.43704787,0.701717917
5.085136408,37.89171339,Closed,320.8685224,0.163762351,62.90758277,4.54467636,1.813090932,22.28642617,1.069296119
4.572570304,34.39327425,Closed,334.4758209,0.040707384,61.53371778,4.791743845,1.609775703,24.15118982,1.111948389
4.936264489,36.74346599,Closed,416.131443,0.141604601,66.39604907,5.143023644,1.421181904,22.62857863,0.57058688
4.909370888,39.9706187,Closed,286.9120346,0.141030374,78.14289485,4.816440585,1.732009686,19.7776694,0.849947214
5.476220181,31.08277369,Open,233.0017572,0.051291629,67.78066407,4.733681244,1.589079354,21.31130819,0.71381124
5.119998966,22.13884728,Closed,318.3205177,0.19916868,75.94384064,4.950817161,1.313488122,20.8969452,0.660593706
5.049757708,28.4626955,Open,148.9787145,0.111576424,67.27507878,4.768336077,1.871760527,22.10587894,0.856967939
5.251097346,31.949728,Closed,91.29856554,0.132694631,62.48045505,5.173606585,1.551895765,24.66090334,1.028192586
5.110549276,30.37443792,Closed,308.293919,0.02364396,66.39166431,4.799217498,1.503759238,21.70223441,0.890332495
4.862696902,23.76719017,Open,116.9241845,0.2058865,72.1225544,4.940099413,1.328893466,21.82369026,0.73609751
5.321442779,21.84466187,Open,39.95755467,0.038772153,72.31825039,4.649079124,1.735907654,25.55528964,0.902972236
4.667074962,26.29418666,Open,0.277092293,0.151244322,62.69865053,4.900617851,1.603455085,23.75241198,0.728004765
5.096974156,34.03869778,Closed,304.1597007,0.050261414,66.01273478,4.855018695,1.625847636,23.14816256,0.88242286
4.535729062,37.90169885,Closed,181.0743917,0.06905056,59.28293248,4.788698775,1.398493731,25.91626323,1.07929314
5.061183157,34.58283807,Open,376.1554853,0.139437702,68.2986745,4.699648448,1.666820114,22.97962251,0.384568068
5.057896893,35.28713644,Closed,187.5881992,0.151377636,71.2134188,4.672393967,1.682362719,18.02694572,0.95945046
5.502936489,29.59592213,Open,243.0017241,0.036435788,65.15919782,4.856470533,1.366244352,23.66533152,0.492189016
4.530507832,21.28958771,Closed,203.5424864,0.154523608,62.33046378,4.925787822,1.216601972,18.81598309,1.045665542
4.819733847,27.7238971,Closed,325.2873956,0.152249025,66.44052381,4.774567441,1.616274612,22.90401074,0.672594878
5.246804728,28.70617794,Closed,178.069581,0.05310233,66.66983613,4.857453586,1.18533061,18.57251285,0.556465724
5.100595177,27.51473757,Open,481.883825,0.17993238,65.32457533,4.792417064,1.530403156,21.06628918,0.939053845
5.054091515,30.27347433,Closed,468.0734933,0.027157119,65.7148605,4.819705205,1.410550979,21.27243094,0.872834013
4.713159289,32.2070988,Open,424.0139513,0.068761371,64.3047406,4.759911003,1.743733042,20.45976179,0.600162619
4.822754496,34.26507594,Open,460.1501353,0.123950131,68.98381971,4.803594516,1.421431222,21.30229601,0.549400049
5.373512302,28.60940068,Open,224.5698442,0.057321686,67.94490978,5.339608091,1.721454594,24.06512344,0.762503703
4.984547242,20.48120297,Open,268.2151984,0.113190954,61.06758741,4.86232686,1.397158111,20.57209418,0.55918261
5.112607909,27.5856114,Open,371.0462963,0.112053804,60.95763759,4.929059392,1.699998201,23.09028176,0.587705405
4.965443501,30.21855198,Open,348.0729625,0.090646287,63.98250233,4.887604721,1.912068309,20.06870072,0.823124158
4.645074345,36.11403961,Open,445.3392978,0.141620027,67.9473485,4.747436635,1.286390572,21.62100085,0.606825673
5.280143128,27.16096079,Open,358.1655136,0.08858196,65.59222966,5.058797843,1.558407144,22.64767853,0.885307858
5.150969715,32.56271814,Open,498.9423541,0.111577053,62.42739836,4.741767246,2.049756483,20.00694317,1.098028719
5.691691051,31.4504395,Closed,174.2528999,0.157323594,66.04607439,5.01101091,1.513317765,19.37655913,0.770288917
4.695325586,30.21950267,Open,416.4988711,0.139534311,63.67675792,4.7331586,1.512357654,22.9837563,0.826030212
5.246771876,34.6526666,Closed,348.8174114,0.139300865,68.52194584,4.608005496,1.657699789,24.2461608,1.203619347
4.60653681,26.69579402,Open,345.6932226,0.04254102,66.33223374,4.873079242,1.508216173,21.84186996,0.562479777
5.04720397,27.12406775,Closed,162.9177974,0.126239629,63.73888725,4.579066329,1.158554801,21.08537419,1.038247039
5.292951977,29.94049588,Closed,392.8008962,0.05607506,65.92607509,4.907128045,1.726457475,22.31135078,1.01417152
4.378359465,26.79926747,Closed,450.1880112,0.035929251,70.26019224,4.561168269,1.099410317,22.11095984,0.970863468
4.938520258,32.54006146,Closed,109.2742308,0.096414683,62.72147969,4.736198394,1.41664167,22.48580508,1.05834957
4.83103708,26.43403848,Closed,312.7484186,0.054785241,66.61062793,4.513654061,1.74148515,16.9435098,0.856114993
4.789412811,31.13152104,Closed,196.0674146,0.139530886,64.71815864,5.364833402,1.428691514,19.86179142,0.683414101
5.115563796,29.49913616,Open,494.7740596,0.140726773,66.70793474,4.469208088,1.361260702,20.30953979,1.018914658
5.336205712,31.07462982,Open,239.4164079,0.004868688,62.38174023,4.801962748,1.675852781,22.30173526,1.026568442
4.960016385,27.70129302,Open,114.1600869,0.058584873,65.44134173,5.028660855,1.329777043,22.37175577,1.02106278
5.061645928,28.30455853,Open,190.9288126,0.027010666,69.43129313,5.007277182,1.255554856,23.27236098,0.808900416
5.034292626,30.48004634,Open,326.9191949,0.076868536,61.25197208,4.970268424,1.554902797,22.5151635,0.656761097
5.000541052,31.01037253,Open,38.04468567,0.122758783,59.68237959,4.736554322,1.46341534,19.39852986,0.838272451
4.673197209,29.97899042,Closed,301.8009601,0.087885595,59.83417774,5.070217789,1.251265377,24.89400924,0.988446004
5.332533381,38.52681178,Open,465.6123796,0.070512038,60.31734988,4.982678218,1.627390508,24.54383661,1.004870358
5.08855861,25.04631541,Closed,425.1813938,0.165008826,67.38129315,4.842459924,1.592897521,19.48360542,0.714064775
5.118464447,29.67898103,Closed,33.83676833,0.015242859,59.37656126,4.848116152,1.428048997,22.66541059,0.863074579
4.758047111,22.13185489,Closed,496.6949394,0.161843595,63.80841862,4.73921547,1.441733599,20.80915123,0.538244339
4.862233881,31.86040739,Closed,349.3634619,0.072785585,67.47315721,4.618069595,1.594078548,22.27772798,0.996990021
4.947159741,24.42376732,Closed,81.14041216,0.096094549,66.66663624,5.047430195,1.738072284,24.10662056,0.643338249
4.539762592,28.60844872,Closed,6.208044585,0.073631833,63.45776408,5.062441599,1.443441358,26.26020853,0.957051072
4.493589702,28.13967837,Open,85.64131815,0.177144405,65.76369493,4.623178172,1.630937699,23.50255541,0.570139085
4.819775621,31.40445563,Closed,419.0879603,0.038451075,65.42858132,4.769242967,1.613040043,22.58986947,1.006283181
5.15675623,27.23604541,Closed,10.81966247,0.100586818,64.10303618,4.771315357,1.675861459,21.32035766,0.864367038
4.804058783,27.02347151,Open,116.5736518,0.126371933,64.15666113,4.793468819,1.50786184,22.36426974,0.643728461
4.694358441,37.17928232,Open,378.6527977,0.019449862,73.94170974,4.812858976,1.317534897,24.71954379,0.938271276
4.755594304,31.42283395,Open,293.0552679,0.054005091,68.23724362,4.989372292,1.407500169,21.91058249,0.681927662
4.863397273,27.19474574,Open,391.3678552,0.092591073,74.92260367,4.650556538,1.568570693,20.2277747,0.949911007
4.893842311,28.74583164,Open,373.0752519,0.055666748,63.01214747,4.630730602,1.863692876,18.76062027,0.745177705
5.649656436,38.22677476,Open,25.30069356,0.059220411,64.66013361,5.047323948,1.403196075,23.02609573,0.455790575
5.316386189,28.82417561,Open,446.2557095,0.082506867,59.67149694,4.707471052,1.660957489,22.49457625,0.603516752
5.307432234,26.55361688,Closed,113.5159171,0.132479067,61.76173279,4.547392929,1.43438871,20.70818365,0.713917058
5.350574109,26.57501925,Open,276.6962201,0.082864111,72.60765259,4.702974012,1.522093751,24.05202825,1.073637805
4.700353739,27.2543676,Closed,322.1440783,0.15392131,62.91186284,4.733989453,1.80307935,21.15644627,0.980228726
4.633290616,27.02751139,Open,84.31410544,0.050112111,72.6771252,5.110992546,1.652858516,21.73071182,1.124772282
4.667938913,23.60176076,Open,488.1156284,0.037403887,60.02655096,4.984965242,1.251740145,21.96667173,1.130727043
5.40035184,24.37899952,Closed,244.077978,0.19631727,60.78612386,5.029504123,1.385504995,21.29809452,0.693049839
4.835842463,25.85339813,Open,28.8213478,0.067102094,63.63507512,4.963994728,1.751244269,22.47173013,0.762302628
4.624593145,32.95785509,Open,468.6310224,0.0344544,64.74500031,4.989248734,1.528375609,24.30303029,0.717744015
4.87070114,28.09381356,Open,293.1339216,0.012897303,68.69234917,4.662383575,1.270231976,19.7150362,0.665697879
4.92841834,28.96419155,Open,349.596599,0.153755173,66.80308167,4.760279569,1.336209511,22.97704028,0.431701058
5.080523982,36.35044013,Open,262.587895,0.082934774,63.33473897,4.602016937,1.640698705,22.34431734,0.797050456
5.075285306,36.47503575,Open,417.3689774,0.087314513,64.46673677,4.757902394,1.698882056,22.30752766,0.542886881
4.751545831,28.58937528,Open,16.5667311,0.092039914,63.72374832,4.936820998,1.50357106,23.74368914,0.793165624
5.205696918,26.84568245,Closed,134.1891826,0.150647144,61.34138506,4.826916657,1.99506276,22.09859485,1.223154162
4.80824194,25.67784843,Open,234.8241782,0.091023508,61.44814825,5.062296164,1.664830473,22.96045852,0.698130981
4.953117099,33.46387885,Closed,38.30180816,0.217202689,69.11153557,4.571716842,1.451303786,23.43172926,0.838954801
5.206032221,28.97646383,Closed,352.9533347,0.106688029,57.68734029,4.90004767,1.33685879,20.9912696,0.981329677
4.807453579,28.06752555,Closed,196.831707,0.153089238,71.46943479,4.55033944,1.305023139,22.59836692,0.856058258
4.829194573,25.93167712,Closed,136.3339951,0.140261993,63.6280231,4.818835294,1.567084264,21.49842479,0.858496838
5.177500415,26.15166795,Closed,1.689423404,0.098177634,61.90996557,4.948066685,1.402244591,21.73463644,0.727519513
4.742680047,31.60029096,Closed,359.9151559,0.070651451,67.95903716,4.757099487,1.834748751,21.35587721,0.753624405
4.884562393,23.42280867,Closed,416.9046544,0.116598196,70.94086634,4.910225321,1.793262361,22.94216081,0.607997896
5.166722653,34.97434347,Open,197.5202678,0.125504937,69.47052977,4.608053533,1.626613309,22.16328942,0.969209002
5.616227732,27.33077678,Open,282.1089885,0.071370698,67.0074082,4.467262004,1.264200765,22.78908807,0.451701669
5.181621351,29.25182028,Open,113.843313,0.108316943,69.34745396,4.911405924,1.365556225,21.96496527,0.994217668
5.141791929,23.31511021,Closed,311.0988231,0.161810249,58.13400969,5.148802047,1.751135505,18.79175798,0.519260323
5.159240475,29.93817031,Open,6.068729158,0.203497387,62.91267783,4.600791012,1.38738676,22.06273683,0.992521455
4.678042918,28.35839529,Closed,244.3219485,0.142718466,61.35531976,5.044438836,1.724428347,22.12707591,0.729236495
5.034679022,29.74959701,Closed,322.1027409,0.193137984,69.89855492,4.808684682,1.594920785,22.48519187,0.553626262
4.991070053,37.35854449,Open,459.0958866,0.068531289,63.46608792,4.532861696,1.510343577,20.81254161,0.915859729
5.096475362,30.88849023,Closed,190.6679086,0.135094113,68.38162623,4.57369894,1.359433437,19.60906057,0.985753507
5.034952416,26.02670408,Closed,382.5951015,0.166925975,67.14342777,4.803156955,1.481151231,23.24921329,0.71238427
5.113909903,26.44340045,Open,298.843515,0.055183333,61.55077226,4.719107542,1.537929591,21.45278689,0.94412211
4.906559842,32.97565593,Closed,463.5060565,0.075720494,62.65216716,4.537417405,1.70650778,22.3424881,0.342983101
5.017582675,36.49346645,Open,199.1888378,0.186895238,70.17527076,4.461192144,1.32285288,21.43707984,0.535880742
4.63165143,31.4095901,Closed,159.5476699,0.051245057,61.89806941,4.630656134,1.447436631,21.98787635,1.058481786
4.904027817,33.44356372,Closed,443.5709993,0.032943498,65.49947044,4.838761802,1.508964626,21.1014293,0.755266145
5.417250064,33.04868862,Open,24.6222007,0.176399079,61.86983485,4.798719849,1.632535672,20.06383282,0.427557335
5.095642502,37.09532207,Open,68.19269647,0.159838161,63.74419125,4.699752408,1.318307132,22.94746332,0.660226764
4.993723689,20.25204914,Open,41.20221729,0.121606012,64.81535222,4.840377439,1.236686041,20.79375982,0.615319905
5.568836983,33.3360947,Closed,421.5549783,0.097714462,61.86853396,5.008005344,1.63479303,22.32790296,0.766807654
4.591749507,34.91868022,Closed,5.303711685,0.078073775,61.15821218,4.878825302,1.196410177,22.82092044,0.725849803
4.667163333,23.30638147,Open,430.8285777,0.114097444,66.14509335,4.775738266,1.756995943,20.82637457,0.835786346
5.513813423,25.57165908,Open,225.6338977,0.178990348,61.62105036,4.985614401,1.468814781,19.59222873,0.78610679
5.013788281,25.74608626,Open,2.012639427,0.111928306,61.75736978,4.60802994,1.190493784,26.85217123,1.071947851
4.927225089,26.35604902,Closed,200.8225886,0.208347963,61.24378743,4.755016092,1.403915956,20.94445625,0.88490972
4.640238702,27.59141475,Closed,93.40042052,0.055102901,64.68836781,4.759782413,1.575824727,23.24683432,0.891534322
5.13430888,31.21301407,Open,312.2002437,0.099015962,68.77480654,4.552609348,1.393459782,25.8789271,1.033031425
5.163337961,34.32837326,Open,339.679395,0.081347067,71.02611455,4.716025168,1.50400595,23.57981549,0.72224625
4.671651692,35.40658479,Open,243.7637852,0.045742923,62.09632766,4.385008064,1.648015673,21.39911438,0.547624511
4.957917324,25.81088469,Closed,20.25976272,0.092345813,73.60124317,5.18243561,1.459561933,21.86576722,1.041394065
4.89934525,25.77648501,Open,328.0644022,0.120866465,60.98118056,4.612517242,1.312588465,20.33478556,0.82716835
5.076793144,36.5791092,Open,421.0193918,0.126211509,69.33419409,5.117222826,1.440203201,23.76339285,0.827870242
4.664224927,33.23371968,Open,360.1621387,0.208522609,62.11321418,4.807616901,1.782968027,23.13254142,0.673334016
5.375584236,30.41432421,Closed,414.9789595,0.123223373,61.51630692,4.912972826,1.837012869,20.97114836,0.676628933
5.274747134,32.36668338,Closed,100.2547618,0.15750684,62.02097537,4.70224004,1.096014765,19.91565039,0.969344468
4.891047332,29.85098109,Open,444.4439698,0.103304712,64.7902092,4.841585938,1.718205582,19.35753252,0.99693116
4.935074387,32.62292342,Closed,161.0967253,0.18390278,67.31988868,4.930097928,1.550029543,23.97302801,0.956764681
4.959073355,28.31966652,Open,6.702407126,0.219922464,67.67947215,4.932910483,1.684796536,22.24074626,0.958592321
4.766507434,31.34402467,Open,421.6958232,0.126554257,61.22405994,4.954954678,1.389902348,22.42996907,0.913805907
4.866971175,22.44726975,Open,470.9106345,0.050367049,61.04136285,4.726333458,1.146347298,20.35410275,0.826304546
4.91891889,26.56107853,Open,327.7790987,0.072559749,61.33344523,4.703928066,1.616897758,19.07299379,0.764924063
5.483860511,26.61494412,Closed,115.7183152,0.114096715,64.55458239,4.481164735,1.311804548,23.92522715,1.04206477
5.283985492,28.12804983,Open,125.8722321,0.122824902,64.15937758,4.904643802,1.222341514,22.08407807,0.725255826
5.280396412,25.36743373,Open,233.2964367,0.134921257,61.19929815,5.016475742,1.236319724,23.81446932,0.873995843
5.110977684,27.33228187,Closed,448.9155398,0.123009884,66.07841478,5.123196336,1.620182756,21.22813375,0.6391974
4.664801897,22.42792969,Open,74.79882807,0.100349246,74.05027523,4.861034527,1.527890493,21.52636431,0.668140193
4.987552669,32.74350238,Closed,412.9868348,0.068190078,62.98113815,4.646704045,1.656493204,23.42659635,0.752769086
5.291146538,29.58743241,Open,145.6514044,0.120056913,63.26595272,4.460580771,1.633815051,23.46469616,0.639212325
4.622520611,21.47396196,Open,404.2930847,0.192749368,67.23864628,5.008333347,1.415813287,23.59513125,0.959570365
5.190965962,25.82585045,Open,460.1355988,0.15099643,62.76473483,4.440744687,1.485905285,21.40959749,0.53039315
5.696782768,31.68300714,Open,213.746936,0.126735197,67.67585793,4.731879184,1.397712494,23.22909448,0.819845925
5.318544994,27.28489027,Closed,182.5253271,0.151478346,62.12582917,4.755138634,1.457934445,24.21819893,0.826501619
5.424208741,26.5152927,Open,401.1106595,0.081446799,72.32847843,4.786108972,1.306549052,21.79045598,0.437840084
5.065501625,29.62703661,Closed,264.7414412,0.074586743,66.37909989,4.80716052,1.578096859,20.97302327,0.711795236
5.290379585,31.71798768,Closed,342.2245242,0.062610745,62.5199082,4.827629511,1.71502415,24.68549521,0.851139908
4.784644036,22.81823771,Closed,311.4146185,0.093735669,62.6452332,4.316927348,1.336677394,20.69110853,0.885745599
5.238759144,32.75064241,Open,76.44442282,0.078899705,62.94480099,4.802931182,1.756253929,23.25895299,0.759138558
5.19631644,25.99853359,Closed,422.3951801,0.160413737,70.49099866,4.354084885,1.522704299,21.88315538,0.935377641
5.086973352,29.91036016,Closed,97.88755571,0.076233829,59.92499597,4.946443615,1.548215795,18.31686877,0.778136749
5.394802226,29.8228993,Closed,466.141072,0.059863914,62.32823332,4.688974969,1.160114096,24.25718813,0.802730582
4.838364549,27.36466941,Open,125.2856457,0.197128859,62.75335777,4.368592655,1.138547538,16.48429274,0.850330774
4.943882745,24.88170127,Open,366.9404866,0.077431238,64.93724813,4.637159065,1.528823273,18.03174387,0.985399926
5.028638612,28.57156726,Closed,142.3276967,0.107676423,63.91556123,4.685984932,1.657946425,23.05466016,0.6648564
4.691116709,38.12665155,Closed,158.8927043,0.122566141,59.03508867,5.038139924,1.365723911,23.0541424,0.702635625
5.068079583,23.19162485,Open,155.0009264,0.043165344,63.40070927,4.839327548,1.83401878,20.72484028,0.666220702
4.484320876,38.4615651,Closed,373.946127,0.161774188,64.60179727,4.868888989,1.646987195,22.29564418,0.733560457
5.31408636,28.70139414,Closed,278.407559,0.131855952,62.48760866,5.036244327,1.31833175,16.93713991,1.085246852
5.01399121,30.17685709,Closed,441.4762279,0.177919201,67.74710196,4.780771142,1.506169733,23.41395093,0.914545064
4.843732129,24.56644594,Open,153.6863596,0.066038903,68.67763372,4.950837592,1.995385827,22.49945097,0.573782051
4.749687916,26.14365292,Closed,345.996261,0.10495629,64.6864532,4.936772223,1.251487199,21.90871429,0.679910607
4.929626291,27.48545175,Closed,376.4742998,0.101967788,65.92216635,4.542706101,1.605653988,22.04168296,0.874553445
5.206477913,24.77152515,Open,75.74105651,0.113194425,56.35577601,5.094596716,1.435451089,22.98650835,0.618698444
5.164321694,28.95541021,Closed,200.2946787,0.027269263,63.31558891,4.515939644,1.641379258,21.94219695,0.654931992
4.788338616,27.96492054,Open,241.4087472,0.105541819,69.01928677,4.98347333,1.753454729,18.25188899,1.068991933
4.746188098,39.25390571,Open,177.8436949,0.028676804,63.30625367,4.496585393,1.422752582,26.39266447,0.677324874
5.197069612,24.17012907,Open,161.056298,0.117916704,62.05095329,4.920247358,1.723782454,24.40160164,0.990933363
4.783295779,30.51345258,Closed,343.209947,0.006432456,74.1107557,5.172382976,1.944240679,19.43011068,1.051064638
5.017972932,31.23923141,Closed,107.9331988,0.007420658,72.27630876,4.757404269,1.513254947,21.30972554,0.653307582
5.037126393,24.64839726,Closed,354.6953726,0.140927436,66.87029965,4.748728871,1.656977737,21.52793162,0.622007489
5.09361864,33.43413748,Closed,467.5220982,0.072658077,69.55564245,4.922088,1.381911846,24.15769913,0.744773583
5.257481129,28.00836494,Closed,282.5987606,0.050607096,56.09625833,4.734120709,1.503851862,17.68146213,0.582274456
4.621111119,17.53805174,Closed,305.7171184,0.163542281,61.84979424,5.163655741,1.464664981,21.00198347,0.824206776
4.426652202,33.29924806,Closed,34.46635106,0.116381311,63.12016851,4.83843845,1.659387185,18.47872711,0.758869618
4.829765816,24.41529558,Closed,432.2384518,0.14360451,64.0560796,4.735966098,1.740935187,21.42980897,0.872116003
5.540458522,24.76112527,Open,142.7238936,0.091687896,63.04022392,4.691942894,1.47806903,21.05499821,1.079388691
5.60665223,33.43951041,Closed,307.5255828,0.233981435,54.79989483,4.613410306,1.806724569,22.15938813,0.963496996
5.549353141,28.26419259,Closed,489.5560849,0.069774307,66.54409847,4.674449003,1.806009488,20.7902512,0.897847955
4.94210559,34.58886075,Open,297.7513003,0.187224777,67.17461651,4.729865321,1.669370749,20.49795322,0.406790317
4.465365475,36.05083048,Closed,362.3547437,0.096931698,71.40759517,4.702472185,1.396794694,23.23931338,0.888675196
4.29708827,26.7753577,Open,222.6598091,0.01727448,61.84676294,4.668364945,1.377634237,22.90934548,1.144525532
4.815788552,33.96631248,Closed,30.18292176,0.124142437,61.51934737,5.219768246,1.337523729,23.10279669,0.197895497
4.940577911,26.22269599,Closed,398.7996747,0.115738128,54.28006206,4.593980985,1.689833214,21.64619982,0.937876509
5.39018762,41.16557959,Open,17.49942063,0.047433909,63.82573265,4.829326518,1.257646359,20.85652284,0.768128285
5.260341638,26.53521498,Open,350.3289144,0.053889036,68.60444712,4.918504202,1.635367531,21.76229504,0.630040999
5.068221524,35.1304372,Closed,11.46078657,0.098765118,62.55292855,4.926021599,1.28377813,23.00232414,0.960225717
4.733046569,34.21895013,Open,431.1526183,0.117487391,73.57377927,4.788278585,1.664709224,17.6464406,1.14194118
4.711766133,31.58043911,Closed,78.81801792,0.023533164,63.97362066,4.751859486,1.503443917,22.78822386,0.955046146
5.076238306,26.64728419,Closed,257.1357477,0.152656073,65.58796914,4.890309498,1.766727712,22.61827637,0.72576161
5.209115294,29.24301254,Closed,298.5753522,0.075275101,59.54758768,4.85330433,1.728290916,22.12430181,0.611306035
5.117564379,19.23205944,Closed,228.7727037,0.033412626,66.14888138,4.748208233,1.787013082,21.70137316,0.828925527
4.689620612,31.12210019,Closed,170.3817447,0.147053328,57.08272082,4.487624286,1.792163744,16.86776123,0.974633858
5.195200289,31.74807666,Closed,233.9071481,0.098819101,67.77479182,4.706415256,1.528726167,21.12029347,0.722589395
5.12777329,30.6674971,Open,155.7078769,0.160808289,67.8977127,4.570689967,1.268241387,25.57887742,0.741923402
4.678800078,15.13346914,Open,219.0611735,0.121897613,70.4371657,4.66656809,1.289495389,22.02580259,1.36440005
4.764703709,23.67181777,Open,179.4564955,0.099924275,60.92012512,4.806644648,1.082630294,21.38542032,1.015730389
5.206548792,26.25954509,Closed,283.1024118,0.092363503,65.64224847,4.871747229,1.283266833,22.03381239,1.030025736
4.929647739,31.45829467,Open,118.9620811,0.124135638,67.25526624,5.15609055,1.513764732,22.70954574,0.507942819
5.47674419,31.44669453,Closed,494.3282775,0.079323437,66.76912655,4.692518724,1.388069164,23.31764049,0.658562264
5.150338783,29.14888104,Open,250.4349767,0.057371371,61.5388029,4.954925127,1.463972879,21.54223967,0.814936328
4.854010644,33.17622768,Closed,97.08103871,0.130495456,55.43207244,4.861192005,1.598543084,22.8498392,0.599772488
4.99693832,24.86878812,Closed,238.5333748,0.092775608,66.38784119,5.059199534,1.439186948,25.35330161,1.12007946
5.019015018,33.05117503,Closed,433.2075648,0.101678382,64.39000129,4.915245744,1.27563424,24.0125016,1.082062461
4.781482906,32.37371052,Closed,10.90339656,0.154468992,62.73331763,4.598303715,1.489353266,26.68060043,0.693290933
4.726223541,31.88777366,Closed,339.7770596,0.09430617,68.05578145,4.455390794,1.320301903,20.68645928,1.156783721
5.210416968,29.08979784,Open,273.9838984,0.100751696,64.82032185,4.86225234,1.445842701,25.35237902,0.799149581
5.253581989,39.15371912,Closed,84.77899719,0.070017524,59.72321979,4.6943098,1.768555393,20.41865272,1.317877943
5.181134441,32.46597844,Open,408.7382197,0.121536997,57.27419084,4.603937251,1.445898939,22.70713229,0.828937226
5.454595428,25.15832068,Closed,184.4423112,0.117491396,60.48414694,4.546484459,1.854191511,23.46495306,0.91523855
4.837468029,31.24152738,Closed,146.9010144,0.145038757,74.57204918,4.8321951,1.786327197,20.97844562,1.079980688
5.50228123,33.76241689,Closed,414.0625959,0.071043558,67.8911071,5.10154154,1.384138938,22.17592855,1.05552667
4.729723664,27.05945701,Open,319.2625231,0.077109152,65.75444937,4.718265531,1.277775247,23.8209222,0.902146413
4.696194331,35.44636123,Closed,449.1295418,0.13960687,64.27335629,4.918054062,1.489489168,20.5794582,0.771771936
4.472012335,31.91016853,Open,314.9418518,0.11261065,64.01042824,4.77954673,1.730665553,25.33876692,0.90282654
4.866261406,18.28760831,Closed,370.408829,0.054689094,69.66878393,4.542123582,1.401961819,19.23080675,0.636763166
4.848883299,31.49835989,Open,418.2229481,0.165327703,63.03761703,4.946962269,1.68161806,25.87938289,0.830426744
5.157781184,27.96985423,Open,27.36981795,0.015077472,67.30768164,4.581061591,1.741687998,24.00265227,0.578138494
5.073167282,32.68589907,Open,388.0244794,0.139214238,63.6062882,4.804325326,1.34519487,21.82054885,0.443823672
4.642107989,34.7210742,Closed,306.8532409,0.036739398,72.76062653,4.731695917,1.364789782,21.19466358,0.810085353
4.882182128,30.97581024,Closed,34.75389826,0.194289426,67.96915403,4.978615487,1.642532406,20.98594347,1.052455578
4.888561394,38.32626117,Open,254.2889609,0.022770014,69.98222726,4.588369802,1.53036951,21.72840872,0.985160928
4.467205326,29.10646558,Closed,41.22903899,0.157612533,62.6623609,4.878173982,1.362787695,21.90300828,0.783617541
4.705715982,33.12408912,Closed,367.9736009,0.095918282,69.23254445,4.632040519,1.42956391,24.51045249,1.14939794
4.768755911,34.02471287,Closed,273.2508569,0.081669872,63.7496903,4.697778958,1.485896089,25.9373082,0.686187722
5.430087506,29.51327016,Open,476.7867687,0.109269833,65.4401393,4.072959954,1.187029115,22.39875984,0.416433468
5.057435215,33.89387154,Open,91.56768579,0.131595017,71.54019068,5.218419714,1.653128621,20.30874302,0.363579741
5.198650626,27.02663506,Closed,303.0167263,0.054779975,60.82889977,4.910111387,1.404261562,20.90854792,0.563761812
4.550409351,27.8871579,Open,105.7910673,0.059210614,65.81299093,4.646530503,0.943256755,21.63381843,0.963324949
5.358264345,23.43755655,Closed,307.0324924,0.132480243,66.75202103,4.575068862,1.495225806,19.93975579,0.673039463
5.390330619,31.20704558,Closed,361.3248512,0.014632852,67.08001752,4.700870249,1.351685748,19.6421172,0.892191728
4.40049651,31.62625838,Open,361.1521647,0.070788545,63.19686203,4.943375907,1.837764438,26.19425442,1.129256677
4.788404983,35.89631579,Open,407.5369953,0.252034348,73.3450564,4.421583015,1.382910996,22.60522705,0.579980607
5.148729672,33.95570002,Closed,426.775114,0.051599352,59.82027246,4.771683116,1.280471327,20.33373373,0.895699946
5.193316536,28.57602222,Closed,38.63586313,0.15739014,70.83554155,5.154128374,1.601586534,23.63320714,0.907792615
4.796451581,24.10910156,Closed,171.6335785,0.070702462,69.86026242,4.573210733,1.367910526,19.64330775,0.627852402
4.908350161,32.16425201,Open,343.5612602,0.125452257,72.60355516,4.816077008,1.34410876,19.8079759,1.070842185
4.820785682,35.55376586,Open,249.2931437,0.132717785,58.64709161,5.240661963,1.601900277,20.3939152,0.742458589
5.033125414,33.77592487,Closed,95.33797338,0.156447837,61.52467405,4.926430326,1.291906538,25.30902656,0.723249404
5.359153559,35.42238762,Closed,276.3547851,0.089987309,70.96777224,4.825184764,1.208545268,21.49423987,1.222322644
4.768687353,28.94055234,Open,203.7178264,0.199444232,57.49184338,4.901327291,1.8451996,17.11658603,0.904553348
5.300246149,27.66690516,Closed,195.0191388,0.070533172,58.5741644,4.719826933,1.615899748,24.42013187,0.98505811
4.765498378,26.31549324,Open,404.8768587,0.111711021,63.04676885,5.059926257,1.447158143,21.38723727,1.070978586
4.745711836,29.72051767,Open,203.7991669,0.112263847,65.76797515,4.720133995,1.499304558,18.30118399,0.6699052
5.245578386,29.60704602,Closed,13.22725274,0.043901594,71.36890029,4.408163678,1.601172872,21.36663302,1.049964219
5.276580913,31.03338814,Closed,29.03166945,0.085706387,64.25893634,4.721739379,1.69466749,23.04200779,0.699621177
5.255422981,29.35351271,Open,428.1220208,0.108075675,62.56704341,4.606653094,1.348804942,22.80809833,0.691075322
4.605260778,29.33186135,Closed,480.300405,0.078393948,66.24555975,4.743761198,1.573229305,25.59682996,0.745600006
4.860214707,26.11652974,Open,344.2046682,0.222046198,66.87838593,4.748183188,1.398659165,20.29446427,0.675587033
5.246896578,34.70809507,Open,182.1841471,0.058068816,66.76495929,5.03948464,1.462203751,22.09344024,0.964431287
5.012462552,30.38259031,Open,469.3001579,0.158971223,64.28805517,4.939058545,1.532138573,20.60086144,0.853442131
4.677892146,29.12778033,Closed,331.4015432,0.142822991,57.17965554,4.852653098,1.498664285,18.91561421,0.701755117
5.137495382,26.26285373,Closed,422.1667746,0.099306893,61.32953604,4.799410918,1.64711338,23.77105474,0.934901007
4.785557822,23.34043445,Closed,382.926152,0.056739547,70.68108434,4.588228398,1.597417312,22.92653914,0.744963513
5.538357455,36.53982096,Open,189.5696579,0.061587234,65.74827575,4.363764952,1.198366158,22.5673569,0.734385926
5.463452439,32.77319354,Open,239.3511004,0.074101635,63.70991152,4.822632002,1.228435359,22.85358039,0.809736777
5.181229228,21.88041079,Open,93.06607718,0.010712936,69.47267419,4.958928241,1.426056663,20.62905429,0.892692071
5.408302011,33.8157115,Open,146.0070502,0.049826729,60.47953347,4.778333223,1.865725052,19.98860983,0.87796953
5.019437405,34.61240585,Closed,389.0628306,0.025876174,64.09860747,4.693029135,1.329681633,22.07529474,0.727350164
5.229631248,30.62188061,Closed,446.9891959,0.16729375,65.55103362,4.892900433,1.458355458,24.3224228,0.969422241
5.443316089,37.99055448,Closed,362.2302116,0.13092312,63.23448999,4.78333356,1.392730795,25.21615427,0.75552117
5.073649605,31.08359821,Open,232.5868483,0.139298705,65.40305129,5.137148838,1.389191123,23.59086541,0.669003102
4.923443849,22.91588236,Open,43.25463447,0.129441598,64.24922427,5.046545668,1.535647949,22.05834885,0.50639567
4.488613413,31.82584501,Closed,28.47397435,0.108348381,59.40262781,4.991901611,1.780155455,22.53956786,0.996635696
4.975059942,31.22448651,Open,187.1627823,0.173034017,65.72591153,4.951546823,1.59119368,22.02318772,0.802478015
5.247026955,26.98351576,Closed,231.9108594,0.069461867,59.68659283,4.541966517,1.339293808,19.94811332,0.842174472
5.283690028,32.86779418,Open,304.5603111,0.105333483,65.6624605,4.93259874,2.050645902,22.04929476,1.009160583
5.15130952,21.66167367,Open,3.244760693,0.137352941,70.4965433,4.875265192,1.515714644,19.33034636,0.704518754
4.837610272,34.95283414,Open,494.8614452,0.033939538,63.87590721,4.921284946,1.384555809,21.75184555,0.52512015
4.406953529,25.60939148,Open,181.9694417,0.254829445,60.31406748,4.898521897,1.782419275,25.27221022,0.81395614
4.851435471,25.07526937,Open,424.0473319,0.101428288,64.49204875,4.890552518,1.406185876,23.64571845,0.86159231
4.908696539,29.43087614,Closed,267.4833528,0.107099473,61.67211557,5.340173294,1.832582731,20.15376163,0.747430187
4.90612131,32.16486464,Closed,65.21972727,0.162843902,67.37803601,4.784762866,1.325871442,21.85514186,1.094747516
5.185566907,30.81962032,Closed,398.7827763,0.145747767,64.40804501,4.987267476,1.786006078,20.33124738,0.302766686
5.595702923,26.28670417,Open,354.9135375,0.101903901,71.83905301,4.705802038,1.540209533,21.87497246,1.024011328
5.037058761,27.46955354,Closed,263.7180425,0.106506472,69.65195838,4.958128317,1.758210447,24.08221563,0.95823073
4.934980463,24.33478826,Closed,257.2765457,0.024792573,64.38767798,4.987863978,1.880353142,23.30601588,0.891354156
4.922233456,28.87660049,Open,43.73980288,0.072176711,67.86243627,4.872885215,1.273478542,26.96828816,0.13281969
5.03731543,35.37510607,Open,327.9244743,0.125860511,63.42705436,5.133849388,1.755154364,24.38495481,1.056777757
4.751511872,29.97868531,Closed,455.6225779,0.122194642,65.13582754,4.623144793,1.218219219,22.40800076,0.594713178
5.036059568,34.29707127,Closed,46.62245961,0.161058288,63.55426321,4.702555812,1.290563129,23.35429995,0.698461604
5.135243701,37.27700669,Closed,131.7557253,0.093974947,68.06582384,4.842476017,1.339318108,21.59511365,0.765881467
5.062905819,27.0599074,Closed,451.1539867,0.030635674,70.73195311,4.976161371,1.600727327,19.74499151,0.881483607
5.13726258,29.06713373,Closed,142.1719549,0.152836522,68.19459283,4.835885904,1.506603175,24.61155316,0.927885608
5.130124283,40.85596431,Open,326.9718361,0.171804467,68.68774641,5.057151807,1.466572783,24.01798295,0.978568111
4.468430995,37.22171706,Closed,267.4090825,0.144912229,68.69213375,4.667662026,1.529247056,21.51789157,0.963170702
5.191061048,21.63797737,Closed,298.1638025,0.091818316,67.20502369,4.571884302,1.618257918,22.54787147,0.850585441
4.798695546,31.93574158,Closed,207.8944508,0.152219303,60.44285536,4.861625667,1.633649625,24.48187837,0.883184532
4.671248251,30.00279996,Closed,149.9957353,0.271445524,71.80388608,4.784563945,1.718833367,23.69270285,0.581849257
4.668664452,34.13226555,Closed,24.26672536,0.105757616,72.21764331,4.908572744,1.864006963,19.0737975,0.649794639
5.130062483,26.27510616,Closed,372.1404696,0.034413165,64.06448159,4.794519542,1.495727526,22.48724004,0.979092045
4.933227522,25.80195814,Open,373.0467311,0.070685748,63.51720834,4.731996042,1.395782208,21.66473695,0.967441897
4.495409365,26.61964642,Open,335.36287,0.1312738,67.44964661,4.785012486,1.622707226,24.2260014,0.944759883
5.143411345,27.14035727,Open,321.8168941,0.019759784,67.20325134,4.805769779,1.271149037,24.06208548,0.697116648
4.568117561,34.07662083,Closed,121.8585661,0.108470154,64.19221572,4.73900374,1.364259174,24.63721566,0.982098426
5.041946408,24.09399413,Closed,11.17246688,0.119016833,59.99989738,4.759373591,1.699876189,19.76421132,0.56775111
5.071549678,26.8869305,Open,404.3576984,0.176756087,66.22280476,4.719281333,1.475174325,20.43177693,1.015471962
5.265673125,21.05493805,Closed,245.5692678,0.165509743,67.20574615,4.971333024,1.258361508,24.22816487,0.74782584
5.534505436,35.03558912,Closed,153.4190654,0.14322924,67.90328459,4.838804201,1.202039387,20.81670837,1.136834081
4.590597102,36.3551505,Closed,50.96595339,0.008133951,66.39717109,5.251350494,1.509743336,18.95713404,0.495711582
4.984257843,28.36463285,Open,31.36079545,0.146052656,63.91553941,4.83214091,1.728379307,23.06519298,1.152680809
4.917099411,28.51025318,Open,174.4333609,0.135275669,68.97600816,4.689828506,1.725709156,20.90556312,0.727707134
5.130124906,32.26610951,Open,402.3685324,0.112797219,65.26339399,5.334135075,1.522176101,25.57958154,0.724104149
5.064700631,37.37241004,Closed,459.3618747,0.013488894,63.14030794,4.882725276,1.901781884,22.59236911,0.838967764
4.894236127,32.04305374,Open,448.3756823,0.061161305,64.27738647,4.998024957,1.479035927,22.32051857,0.660584217
4.867729343,26.51229029,Open,460.0004174,0.041658862,58.01612387,4.918420597,1.472286475,21.26151222,0.7855342
4.665064743,21.90588714,Open,453.8626716,0.000750422,64.2710327,4.924602206,0.986512818,25.18167067,0.652474747
5.296358475,24.42436869,Closed,263.6123758,0.099854242,67.75374608,4.90713081,1.41052741,22.71710892,0.659787294
5.137761254,30.36609725,Open,109.7078193,0.060108894,66.35913209,4.579583087,1.670403007,21.18300096,0.89737719
5.275330459,26.72336238,Open,399.0232914,0.231265279,71.08265669,4.87350581,1.812792267,20.41183259,0.619686901
4.906881159,30.97483853,Closed,106.8564874,0.091561403,63.94810034,4.535027739,1.333953073,21.85305389,0.646361153
4.802949359,27.23537992,Open,133.6036384,0.164687658,66.94925265,4.765127433,1.592450466,20.04470633,0.52544175
4.67650548,24.70926784,Closed,116.6271609,0.021545049,68.17096071,4.654876509,1.709375806,24.05775488,0.699213864
5.107675275,24.11484184,Closed,257.4912018,0.073495521,74.37142803,4.871494037,1.502241631,18.38331589,1.062320406
4.688062033,37.81177255,Open,160.9137541,0.104844894,65.57906196,4.866825249,1.043343908,21.72097194,0.630813272
5.554598921,34.44493875,Open,77.07802481,0.054592303,60.82325128,4.896229178,1.549458,23.22026709,0.653673347
4.607707226,38.65258976,Open,226.5867059,0.078889966,68.39171501,4.857459315,1.652286125,22.68423884,0.838784389
5.082098036,32.6997545,Closed,436.9536194,0.089102455,72.46290942,4.678634932,1.310515421,20.56543405,0.725840713
5.470056412,27.85004296,Open,285.2764275,0.088304601,63.70980516,4.747799302,1.449169094,23.32051741,1.245630887
5.179726928,36.61670461,Open,439.1678029,0.192755929,68.36432615,4.984079232,1.268900792,20.22792122,0.767494407
5.052702114,29.83465999,Open,97.93609254,0.118911314,69.91491222,5.013571335,0.98597049,21.95523069,0.867043669
4.709454906,31.10420885,Closed,83.48693684,0.123975528,69.06826218,4.57064338,1.705400882,23.30368314,0.988753757
4.585469243,29.7858781,Closed,287.7885628,0.126982739,65.50223409,4.493814473,1.499250293,22.92582556,0.984915573
5.231015033,15.2654789,Closed,231.6644508,0.130631319,62.20610497,4.654622123,1.819534999,20.64992198,0.846657516
5.451844172,38.02367506,Open,330.0863208,0.095855651,64.67488181,5.009041516,1.671464438,24.39498903,0.767774503
4.868345003,32.45501973,Open,397.3133955,0.083962681,66.83440182,5.042976806,1.429158048,22.17338914,1.204805707
4.658281548,31.6491153,Closed,375.6536478,0.108340803,68.6328901,4.615057624,1.483363868,23.48599082,0.780047945
4.262549171,29.69111969,Open,471.1305868,0.157840197,66.33578019,4.861461871,1.613235478,25.05820201,0.711661979
4.705770547,30.8171391,Open,199.1282046,0.156311909,63.48036813,5.166886267,1.693376683,24.2350411,0.670830202
4.965902947,27.01360532,Closed,103.1933711,0.087980076,67.22151862,4.883062295,1.564534126,24.24025881,0.454639359
5.479736972,33.08289676,Closed,275.45632,0.138392185,68.44034027,5.084300657,1.721118629,22.38535986,0.96432315
5.201940108,23.46450828,Closed,55.3715601,0.090270767,66.51844023,4.999745314,1.440666253,23.58787024,0.330386321
5.091525621,30.93034216,Open,144.4255617,0.101693527,61.65525154,4.617960259,1.300571291,22.42719315,0.798855432
4.879964102,32.80786735,Open,103.9440276,0.076323831,64.27437586,4.762003715,1.487038149,19.58135106,0.759027873
4.825050285,29.00665433,Open,198.2818584,0.090917743,68.79128311,4.806950896,1.541036978,22.60548759,1.247993038
5.421694279,31.85433896,Closed,55.6082875,0.167066503,59.46792877,4.820826678,1.259692921,22.51272197,0.433669754
5.060221562,25.04332804,Closed,15.92087227,0.104621057,56.62728791,4.983265791,1.232655583,23.16745872,0.619779343
4.369219792,25.17086615,Open,328.3970023,0.106764125,71.0323314,4.881736952,1.589477259,21.74400605,0.772780708
4.797938106,31.18358561,Closed,305.1244891,0.027639111,67.04566102,4.212759811,1.41872863,20.47708889,0.760494133
4.74253519,33.39274827,Closed,354.179468,0.084537805,67.42692001,4.537431945,1.466831819,23.31301217,0.690091082
4.836120797,20.62567172,Open,330.1932201,0.087934255,60.69273211,4.362523817,1.428061467,19.37345543,0.783802418
5.168873198,32.61010318,Closed,57.14734057,0.058542826,67.95011225,4.835073048,1.80412018,24.91763827,0.548087454
4.967766535,27.2839925,Open,145.5394407,0.101083271,66.10099475,4.84809753,1.752352232,21.53716388,0.871438576
4.976940378,29.03596956,Closed,64.76330495,0.078540885,58.66268969,4.856644992,1.252529262,22.49105634,0.335702932
5.394041948,23.30241038,Open,421.486201,0.103999793,70.69713366,4.608214346,1.393441357,23.11711631,0.794846129
4.791061673,25.7419138,Closed,373.4518277,0.10607515,65.63473329,4.934828801,1.670000854,23.18137609,0.679928661
5.559259858,34.83062663,Open,100.7635015,0.052212282,63.41566414,4.943252499,1.620387247,19.1820314,1.003257589
4.798607723,30.16431687,Closed,170.6546202,0.080064911,63.48804102,4.548970187,1.491708408,23.64817316,1.151062214
5.026759459,28.08610799,Closed,483.3074961,0.103868714,56.93911238,4.50679236,1.272479959,22.60630766,0.733789566
4.915638921,29.41755824,Closed,297.0796789,0.159214972,67.3733464,4.799973663,1.363491991,20.72947723,1.078145186
5.03702574,32.44605912,Closed,400.5777987,0.112835959,66.04742883,5.158356455,1.396646486,20.5006661,0.736776744
5.133377599,32.20247248,Closed,132.2955174,0.066903241,64.22367947,5.139948548,1.555398866,21.33189384,0.606774695
5.130150572,29.624865,Open,105.0264601,0.119950238,70.11394083,4.912680872,1.840745431,19.40251663,1.149180726
4.774064801,35.46479555,Open,391.9584644,0.185377444,59.46456392,4.654000666,1.362623953,25.44453478,0.904155289
4.663125597,34.85231318,Open,342.9362276,0.145835324,62.61291009,4.977368532,1.29479295,24.97230265,0.800887705
5.750951537,32.06686015,Closed,340.4889646,0.127376327,61.59996698,4.709515147,1.478282705,22.9034004,0.937435495
4.854804698,30.27305891,Open,276.3172909,0.136279509,63.88482008,4.646498593,1.706347796,21.55320317,0.854843007
5.209763732,33.28660548,Closed,281.7891714,0.171997702,65.2698801,4.371206634,1.210623407,21.60578402,0.786156118
4.517707607,31.57133711,Closed,367.8487527,0.15378134,66.7200541,4.82047644,1.79072683,23.51613141,0.534713035
4.916116184,35.30400036,Open,135.0012406,0.128338019,63.61210619,4.67402653,1.465593728,25.5156538,0.745892653
4.961840185,34.49780688,Open,176.3842329,0.153432111,61.49057706,4.819286076,1.353136,20.85920652,0.924651085
5.141844521,24.90873049,Closed,435.8183853,0.045917445,71.7440278,4.340128461,1.179962143,19.76482791,0.775445715
4.183263758,24.57018415,Closed,154.4326005,0.024886737,74.64656077,4.833965335,1.641304155,25.09528155,0.980465152
5.049842184,26.49375228,Open,273.1547857,0.107854933,65.57314669,4.313775767,1.465765761,18.42572282,0.876731005
4.655077563,34.88069345,Open,351.319732,0.103434035,61.97287853,5.017588051,1.534141097,19.98293838,0.624372736
5.097303713,22.11845502,Closed,499.9624134,0.072804497,70.90181652,4.904378247,1.319837652,21.50628421,0.536165608
4.689101241,31.97378695,Closed,217.6456657,0.141292633,59.21297157,4.744267046,1.436180793,18.87913306,0.7685643
4.743355191,31.81271546,Open,214.0464383,0.006856821,63.6609067,4.912543972,1.402683751,24.22429813,0.69515431
4.917911717,35.81324029,Closed,421.2941897,0.073261387,62.21553179,4.604385147,1.479881379,23.71381054,0.867264362
4.684301159,30.90169345,Closed,402.7515556,0.075752223,60.3618578,4.814475103,1.366089535,20.85041355,0.656372468
4.857339666,23.28395305,Open,365.5379409,0.018184911,63.87990307,4.958954808,1.193163808,24.55922824,0.676921535
4.641987269,25.2032252,Open,231.6148187,0.17473655,61.54331168,4.18114215,2.045699949,24.89858486,1.010613944
4.450048864,24.09002239,Closed,161.9695601,0.032039937,65.05061786,4.710555128,1.227319151,21.7736587,0.829640594
5.305387116,27.31028017,Closed,304.3652413,0.070582997,65.10870867,4.795471174,1.536291801,21.09866364,0.659454587
4.611185392,29.08549216,Open,438.1116466,0.145398988,62.51467311,4.760741276,1.145594434,26.51920406,0.803528362
4.946395734,24.17279237,Closed,441.8887291,0.132302267,63.51794657,5.091420365,1.100590513,23.44232364,1.075782249
5.225867324,37.35330995,Open,54.24917254,0.044591265,64.07660413,4.575219775,1.519565298,22.51264931,0.858757338
4.815516769,23.37359314,Closed,214.1751419,0.13412446,68.23938424,4.675768151,1.534873518,24.72709189,0.918590162
4.75245023,36.73051712,Open,232.3609781,0.114489224,64.4062824,4.416826195,1.752299798,22.60386127,0.649553093
5.067871427,35.92581516,Closed,488.8076838,0.216651778,68.29880696,5.10205733,1.579909368,20.98875883,1.005283875
5.335380147,34.49151275,Closed,338.9990076,0.120197021,67.34325193,4.750741971,1.470037856,22.16031952,1.263620452
4.64920542,26.53116696,Closed,203.6232086,0.092937909,67.28612279,4.712318222,1.310079951,24.07730857,0.641706471
4.95495565,31.7122544,Open,13.02894299,0.057174902,70.55138388,4.789503464,1.799802414,18.01562887,0.563621205
4.480251622,23.61314433,Open,282.69258,0.062787832,60.52243648,4.927247166,1.685770249,21.42393852,0.835108449
4.882039699,34.55453518,Open,48.03798782,0.058711545,63.10726757,4.869472681,1.250734104,24.7661148,0.97510101
5.010261405,29.63007609,Closed,417.2249787,0.168554941,72.0531952,5.329576843,1.507592746,20.9762632,0.781722066
4.743612607,27.95339893,Closed,376.2593303,0.100898496,63.970734,4.890787178,1.528810446,25.09221712,0.589358721
4.86290245,23.88127577,Open,230.25458,0.128262356,53.73950524,4.706950914,1.430869269,24.82948764,0.778283168
4.57753197,17.61246941,Open,214.6053898,0.17571238,64.18812663,4.687728652,1.654370097,21.86894177,0.919618455
5.023123583,24.80729571,Closed,448.6694828,0.017923207,65.53975812,4.72144821,1.666346628,20.86292139,0.718593635
5.316708275,35.56399098,Closed,144.2291752,0.163943688,54.53154753,4.499632615,1.46190286,21.42528225,0.921451004
4.670856839,27.98583286,Closed,124.5099811,0.102769846,70.33574256,4.807972841,1.443826151,27.32922898,1.032942157
4.81319847,29.15335571,Closed,469.5987164,0.121752419,62.14515014,4.956693621,1.799791693,25.74884889,0.848046125
5.150763874,33.27777179,Open,404.6229184,0.058579839,66.31425246,4.67732728,1.686567778,22.25078194,0.794410446
5.363627216,39.02834439,Open,410.3127965,0.06224378,64.09607382,4.638523989,1.514472078,20.7836929,0.965868785
4.552043056,36.62502327,Closed,97.59690714,0.124442294,59.84659432,5.103189029,1.174158192,22.23408207,0.628779835
4.949364579,25.13832498,Closed,71.64799572,0.21922989,60.71796746,4.514703369,1.568800021,22.48765385,0.609058033
5.084939247,20.28714714,Closed,13.01477491,0.150165666,61.25966865,4.386436325,1.639616693,19.51328252,0.746685543
4.969383083,41.7980713,Open,118.5207545,0.163276146,69.34268764,4.569419611,0.949095674,22.16008254,0.701624109
4.25696238,41.34495806,Open,387.0952459,0.090399936,64.40984725,4.491913457,1.55037389,24.64480865,0.639331605
5.150327003,30.94226798,Closed,120.0192094,0.069989789,62.91253793,4.877245213,1.416661603,18.40128664,1.166093695
5.455800905,23.64755877,Closed,364.5516418,0.060959752,61.26156435,4.7278591,1.455829144,23.65316793,1.234398642
5.034998525,34.81613267,Closed,125.9541327,0.075586314,69.78460089,4.756062591,1.318523809,24.74959594,0.729258992
4.690668184,29.46008157,Closed,197.646249,0.002639122,70.85680509,5.030586835,1.470362142,20.87888531,0.81834379
4.846061826,29.43509438,Closed,491.581145,0.063754033,69.73897559,4.661733028,1.778398315,25.38835152,0.762431436
5.53097392,34.47229422,Closed,122.4058656,0.071982342,66.96974936,4.955017882,1.4107203,20.61932588,1.021499848
5.272988762,31.67187373,Open,188.1853136,0.091232091,66.15932017,5.10226456,1.693114712,22.88216532,1.061129112
5.192007986,24.07092544,Open,150.5435902,0.106587505,60.13624873,4.7088675,1.338733756,21.38645463,0.44454724
5.106923775,28.37629032,Open,54.81249317,0.118122543,64.01672349,4.947404571,1.651751239,21.38600729,0.89520216
4.801658866,33.30576464,Closed,244.9470711,0.099253731,62.26455919,4.751636417,1.500331171,20.76540186,0.538635732
4.939828646,32.55126111,Closed,189.3453317,0.070927846,57.69795156,4.984819626,1.570404966,23.39715096,1.151654432
4.976623179,31.31008287,Closed,347.4435429,0.001832068,69.22817368,4.485702162,1.501430651,23.69761092,0.888049606
5.164872295,34.66711477,Open,408.7972735,0.07123457,62.21668021,4.470897551,1.628325046,21.8711556,0.635330092
5.452675668,28.19141506,Closed,272.1248572,0.051377468,69.78376763,4.721746457,0.986482976,19.28006357,0.751735722
5.335501441,30.89334888,Open,16.09821104,0.123303337,68.5269856,4.622215038,1.216034937,22.80634033,0.742204548
4.574184693,13.1221045,Closed,309.4611781,0.14546437,67.22687191,4.696658178,1.5834161,22.84402872,0.905022589
5.067198491,27.75174903,Closed,27.69536501,0.146928553,67.45153629,4.756094684,1.091292329,21.56656998,1.008382521
5.221029004,33.81951454,Closed,308.1781618,0.137847637,62.53874447,4.944002706,1.393883929,25.73446257,0.570358542
5.185658099,28.04802766,Open,342.5149746,0.093323713,72.43140061,4.718467884,1.489131832,18.87214147,1.1677509
4.811229871,27.66886304,Open,98.88381381,0.073902222,65.17250172,4.635227738,1.334371972,17.56543258,1.121138022
5.874232765,24.79273524,Open,409.6730744,0.062644862,66.20772674,4.729697325,1.361687719,20.5383302,0.624935286
4.616874631,35.01682946,Closed,455.5425658,0.024625054,62.40369467,4.646170944,1.55431644,23.42084907,0.814560359
4.675043466,32.74231637,Open,406.5434821,0.149592685,61.27533896,4.6131989,1.701858991,19.88831073,1.142161709
5.070078524,34.12707299,Closed,152.5545951,0.091264448,66.90918404,4.477396637,1.308310124,20.03805816,1.046583717
5.635040916,21.36893019,Closed,293.3215062,0.037682985,65.87005398,4.813895623,1.384988361,23.90204267,0.732651394
4.749141545,29.19774978,Open,457.4075746,0.058675431,61.84259054,4.686258859,1.353747805,22.92509585,0.962867963
4.92025149,28.59944496,Open,160.3323631,0.056651327,59.24629312,4.993255748,1.01572405,22.75412182,1.399439658
5.323188102,28.59714147,Closed,410.0139111,0.102151224,59.92030765,4.510520782,1.528342358,23.56285784,0.821031996
4.994641354,26.91986228,Closed,4.737565631,0.153373393,69.78453487,4.691583289,1.686943549,21.14961409,0.67347035
4.899618844,28.26947864,Closed,1.823351392,0.082600523,62.54698474,5.162581444,1.703328641,21.24203185,0.83448397
5.169689871,34.24822391,Closed,379.8558302,0.012626676,63.64436582,4.612078097,1.325846725,23.61955855,0.849310419
5.081755397,20.43574323,Open,380.7237911,0.090540983,70.80136104,4.75269335,1.24966039,19.31022644,0.695092652
5.309131636,38.88647384,Open,394.4885939,0.092190305,60.51139775,4.556831203,1.50432111,17.71456031,0.888325014
